time="2026-02-02T10:46:24Z" level=warning msg="/home/chinu/job-queue/docker-compose.yml: the attribute `version` is obsolete, it will be ignored, please remove it to avoid potential confusion"
 Image job-queue-api Building 
 Image job-queue-worker Building 
#1 [internal] load local bake definitions
#1 reading from stdin 897B done
#1 DONE 0.0s

#2 [worker internal] load build definition from Dockerfile
#2 transferring dockerfile: 229B done
#2 DONE 0.0s

#3 [auth] library/python:pull token for registry-1.docker.io
#3 DONE 0.0s

#4 [api internal] load metadata for docker.io/library/python:3.10-slim
#4 DONE 1.6s

#5 [api internal] load .dockerignore
#5 transferring context: 2B done
#5 DONE 0.0s

#6 [worker 1/4] FROM docker.io/library/python:3.10-slim@sha256:f5d029fe39146b08200bcc73595795ac19b85997ad0e5001a02c7c32e8769efa
#6 resolve docker.io/library/python:3.10-slim@sha256:f5d029fe39146b08200bcc73595795ac19b85997ad0e5001a02c7c32e8769efa 0.0s done
#6 DONE 0.0s

#7 [api internal] load build context
#7 transferring context: 7.12kB done
#7 DONE 0.0s

#8 [api 2/4] WORKDIR /app
#8 CACHED

#9 [api 3/4] COPY . /app
#9 DONE 0.0s

#10 [api 4/4] RUN pip install fastapi uvicorn sqlalchemy aiosqlite prometheus-client opentelemetry-api opentelemetry-sdk
#10 1.324 Collecting fastapi
#10 1.395   Downloading fastapi-0.128.0-py3-none-any.whl (103 kB)
#10 1.437      ━━━━━━━━━━━━━━━━━━━━━━━━━━━━━━━━━━━━━━━ 103.1/103.1 kB 2.4 MB/s eta 0:00:00
#10 1.501 Collecting uvicorn
#10 1.518   Downloading uvicorn-0.40.0-py3-none-any.whl (68 kB)
#10 1.535      ━━━━━━━━━━━━━━━━━━━━━━━━━━━━━━━━━━━━━━━━ 68.5/68.5 kB 4.0 MB/s eta 0:00:00
#10 2.094 Collecting sqlalchemy
#10 2.112   Downloading sqlalchemy-2.0.46-cp310-cp310-manylinux2014_x86_64.manylinux_2_17_x86_64.manylinux_2_28_x86_64.whl (3.2 MB)
#10 2.354      ━━━━━━━━━━━━━━━━━━━━━━━━━━━━━━━━━━━━━━━━ 3.2/3.2 MB 13.4 MB/s eta 0:00:00
#10 2.388 Collecting aiosqlite
#10 2.405   Downloading aiosqlite-0.22.1-py3-none-any.whl (17 kB)
#10 2.506 Collecting prometheus-client
#10 2.525   Downloading prometheus_client-0.24.1-py3-none-any.whl (64 kB)
#10 2.546      ━━━━━━━━━━━━━━━━━━━━━━━━━━━━━━━━━━━━━━━━ 64.1/64.1 kB 3.3 MB/s eta 0:00:00
#10 2.614 Collecting opentelemetry-api
#10 2.635   Downloading opentelemetry_api-1.39.1-py3-none-any.whl (66 kB)
#10 2.655      ━━━━━━━━━━━━━━━━━━━━━━━━━━━━━━━━━━━━━━━━ 66.4/66.4 kB 3.5 MB/s eta 0:00:00
#10 2.744 Collecting opentelemetry-sdk
#10 2.763   Downloading opentelemetry_sdk-1.39.1-py3-none-any.whl (132 kB)
#10 2.782      ━━━━━━━━━━━━━━━━━━━━━━━━━━━━━━━━━━━━━━━ 132.6/132.6 kB 7.3 MB/s eta 0:00:00
#10 2.878 Collecting starlette<0.51.0,>=0.40.0
#10 2.903   Downloading starlette-0.50.0-py3-none-any.whl (74 kB)
#10 2.916      ━━━━━━━━━━━━━━━━━━━━━━━━━━━━━━━━━━━━━━━━ 74.0/74.0 kB 5.9 MB/s eta 0:00:00
#10 3.011 Collecting typing-extensions>=4.8.0
#10 3.033   Downloading typing_extensions-4.15.0-py3-none-any.whl (44 kB)
#10 3.047      ━━━━━━━━━━━━━━━━━━━━━━━━━━━━━━━━━━━━━━━━ 44.6/44.6 kB 2.9 MB/s eta 0:00:00
#10 3.126 Collecting annotated-doc>=0.0.2
#10 3.174   Downloading annotated_doc-0.0.4-py3-none-any.whl (5.3 kB)
#10 3.414 Collecting pydantic>=2.7.0
#10 3.433   Downloading pydantic-2.12.5-py3-none-any.whl (463 kB)
#10 3.463      ━━━━━━━━━━━━━━━━━━━━━━━━━━━━━━━━━━━━━━ 463.6/463.6 kB 16.3 MB/s eta 0:00:00
#10 3.565 Collecting h11>=0.8
#10 3.586   Downloading h11-0.16.0-py3-none-any.whl (37 kB)
#10 3.729 Collecting click>=7.0
#10 3.747   Downloading click-8.3.1-py3-none-any.whl (108 kB)
#10 3.781      ━━━━━━━━━━━━━━━━━━━━━━━━━━━━━━━━━━━━━━━ 108.3/108.3 kB 3.1 MB/s eta 0:00:00
#10 4.007 Collecting greenlet>=1
#10 4.027   Downloading greenlet-3.3.1-cp310-cp310-manylinux_2_24_x86_64.manylinux_2_28_x86_64.whl (586 kB)
#10 4.085      ━━━━━━━━━━━━━━━━━━━━━━━━━━━━━━━━━━━━━━ 587.0/587.0 kB 10.4 MB/s eta 0:00:00
#10 4.178 Collecting importlib-metadata<8.8.0,>=6.0
#10 4.216   Downloading importlib_metadata-8.7.1-py3-none-any.whl (27 kB)
#10 4.285 Collecting opentelemetry-semantic-conventions==0.60b1
#10 4.305   Downloading opentelemetry_semantic_conventions-0.60b1-py3-none-any.whl (219 kB)
#10 4.338      ━━━━━━━━━━━━━━━━━━━━━━━━━━━━━━━━━━━━━━━ 220.0/220.0 kB 7.0 MB/s eta 0:00:00
#10 4.398 Collecting zipp>=3.20
#10 4.417   Downloading zipp-3.23.0-py3-none-any.whl (10 kB)
#10 4.456 Collecting typing-inspection>=0.4.2
#10 4.473   Downloading typing_inspection-0.4.2-py3-none-any.whl (14 kB)
#10 4.533 Collecting annotated-types>=0.6.0
#10 4.552   Downloading annotated_types-0.7.0-py3-none-any.whl (13 kB)
#10 5.679 Collecting pydantic-core==2.41.5
#10 5.715   Downloading pydantic_core-2.41.5-cp310-cp310-manylinux_2_17_x86_64.manylinux2014_x86_64.whl (2.1 MB)
#10 6.190      ━━━━━━━━━━━━━━━━━━━━━━━━━━━━━━━━━━━━━━━━ 2.1/2.1 MB 5.0 MB/s eta 0:00:00
#10 6.264 Collecting anyio<5,>=3.6.2
#10 6.289   Downloading anyio-4.12.1-py3-none-any.whl (113 kB)
#10 6.306      ━━━━━━━━━━━━━━━━━━━━━━━━━━━━━━━━━━━━━━━ 113.6/113.6 kB 9.9 MB/s eta 0:00:00
#10 6.353 Collecting exceptiongroup>=1.0.2
#10 6.381   Downloading exceptiongroup-1.3.1-py3-none-any.whl (16 kB)
#10 6.449 Collecting idna>=2.8
#10 6.486   Downloading idna-3.11-py3-none-any.whl (71 kB)
#10 6.498      ━━━━━━━━━━━━━━━━━━━━━━━━━━━━━━━━━━━━━━━━ 71.0/71.0 kB 5.9 MB/s eta 0:00:00
#10 6.656 Installing collected packages: zipp, typing-extensions, prometheus-client, idna, h11, greenlet, click, annotated-types, annotated-doc, aiosqlite, uvicorn, typing-inspection, sqlalchemy, pydantic-core, importlib-metadata, exceptiongroup, pydantic, opentelemetry-api, anyio, starlette, opentelemetry-semantic-conventions, opentelemetry-sdk, fastapi
#10 8.140 Successfully installed aiosqlite-0.22.1 annotated-doc-0.0.4 annotated-types-0.7.0 anyio-4.12.1 click-8.3.1 exceptiongroup-1.3.1 fastapi-0.128.0 greenlet-3.3.1 h11-0.16.0 idna-3.11 importlib-metadata-8.7.1 opentelemetry-api-1.39.1 opentelemetry-sdk-1.39.1 opentelemetry-semantic-conventions-0.60b1 prometheus-client-0.24.1 pydantic-2.12.5 pydantic-core-2.41.5 sqlalchemy-2.0.46 starlette-0.50.0 typing-extensions-4.15.0 typing-inspection-0.4.2 uvicorn-0.40.0 zipp-3.23.0
#10 8.140 WARNING: Running pip as the 'root' user can result in broken permissions and conflicting behaviour with the system package manager. It is recommended to use a virtual environment instead: https://pip.pypa.io/warnings/venv
#10 8.280 
#10 8.280 [notice] A new release of pip is available: 23.0.1 -> 26.0
#10 8.280 [notice] To update, run: pip install --upgrade pip
#10 DONE 8.6s

#11 [worker] exporting to image
#11 exporting layers
#11 exporting layers 1.5s done
#11 exporting manifest sha256:ec1884597d9f48858914b94c840151297b9a589046cbaedd47164200e90f6d3b 0.0s done
#11 exporting config sha256:9df5af600af6639e0f91e8a92055a8fd377343dd9a7d35da2f5c1c84dbdd4bea 0.0s done
#11 exporting attestation manifest sha256:c6e9e2f167fe144552a3e28a1dead7ed263c93d695bdea9f19bc7733c9686f47
#11 exporting attestation manifest sha256:c6e9e2f167fe144552a3e28a1dead7ed263c93d695bdea9f19bc7733c9686f47 0.1s done
#11 exporting manifest list sha256:a2f7a54408a1cc27f1c6b03759bb6c158cfd160d41db0667bfce06af0915ebce 0.0s done
#11 naming to docker.io/library/job-queue-worker:latest
#11 naming to docker.io/library/job-queue-worker:latest 0.0s done
#11 unpacking to docker.io/library/job-queue-worker:latest
#11 unpacking to docker.io/library/job-queue-worker:latest 0.5s done
#11 DONE 2.2s

#12 [api] exporting to image
#12 exporting layers 1.5s done
#12 exporting manifest sha256:8c2cade3adc89b7128e3a9db0951e2588d0324074101086f88f612b7a0bb48cc 0.0s done
#12 exporting config sha256:a96a82872c7fa1d19efa6413942e5c19ee94ddb6519ab416ad8c6f3f2811f055 0.0s done
#12 exporting attestation manifest sha256:2fa22cf72262e1035deedaa5e91f2d0278454596e2e3701adfb535313dbebc5a 0.1s done
#12 exporting manifest list sha256:0dc5c58d53606eb5b7041c6e62c641b59bd52a9c22e8adbf1e0fc413e9ffdde5 0.1s done
#12 naming to docker.io/library/job-queue-api:latest done
#12 unpacking to docker.io/library/job-queue-api:latest 0.4s done
#12 DONE 2.2s

#13 [worker] resolving provenance for metadata file
#13 DONE 0.0s

#14 [api] resolving provenance for metadata file
#14 DONE 0.0s
 Image job-queue-api Built 
 Image job-queue-worker Built 
 Network job-queue_default Creating 
 Network job-queue_default Created 
 Container job-queue-api-1 Creating 
 Container job-queue-prometheus-1 Creating 
 Container job-queue-grafana-1 Creating 
 Container job-queue-grafana-1 Created 
 Container job-queue-api-1 Created 
 Container job-queue-worker-2 Creating 
 Container job-queue-worker-1 Creating 
 Container job-queue-prometheus-1 Created 
 Container job-queue-worker-1 Created 
 Container job-queue-worker-2 Created 
Attaching to api-1, grafana-1, prometheus-1, worker-1, worker-2
 Container job-queue-prometheus-1 Starting 
 Container job-queue-grafana-1 Starting 
 Container job-queue-api-1 Starting 
prometheus-1  | time=2026-02-02T10:46:38.423Z level=INFO source=main.go:1589 msg="updated GOGC" old=100 new=75
prometheus-1  | time=2026-02-02T10:46:38.423Z level=INFO source=main.go:704 msg="Leaving GOMAXPROCS=20: CPU quota undefined" component=automaxprocs
prometheus-1  | time=2026-02-02T10:46:38.423Z level=INFO source=memlimit.go:198 msg="GOMEMLIMIT is updated" component=automemlimit package=github.com/KimMachineGun/automemlimit/memlimit GOMEMLIMIT=11155842662 previous=9223372036854775807
prometheus-1  | time=2026-02-02T10:46:38.423Z level=INFO source=main.go:752 msg="No time or size retention was set so using the default time retention" duration=15d
prometheus-1  | time=2026-02-02T10:46:38.423Z level=INFO source=main.go:803 msg="Starting Prometheus Server" mode=server version="(version=3.9.1, branch=HEAD, revision=9ec59baffb547e24f1468a53eb82901e58feabd8)"
prometheus-1  | time=2026-02-02T10:46:38.423Z level=INFO source=main.go:808 msg="operational information" build_context="(go=go1.25.5, platform=linux/amd64, user=root@61c3a9212c9e, date=20260107-16:08:09, tags=netgo,builtinassets)" host_details="(Linux 6.6.87.2-microsoft-standard-WSL2 #1 SMP PREEMPT_DYNAMIC Thu Jun  5 18:30:46 UTC 2025 x86_64 408e19489768 localdomain)" fd_limits="(soft=1048576, hard=1048576)" vm_limits="(soft=unlimited, hard=unlimited)"
prometheus-1  | time=2026-02-02T10:46:38.425Z level=INFO source=web.go:684 msg="Start listening for connections" component=web address=0.0.0.0:9090
prometheus-1  | time=2026-02-02T10:46:38.427Z level=INFO source=main.go:1331 msg="Starting TSDB ..."
prometheus-1  | time=2026-02-02T10:46:38.429Z level=INFO source=tls_config.go:354 msg="Listening on" component=web address=[::]:9090
prometheus-1  | time=2026-02-02T10:46:38.429Z level=INFO source=tls_config.go:357 msg="TLS is disabled." component=web http2=false address=[::]:9090
prometheus-1  | time=2026-02-02T10:46:38.430Z level=INFO source=head.go:681 msg="Replaying on-disk memory mappable chunks if any" component=tsdb
prometheus-1  | time=2026-02-02T10:46:38.430Z level=INFO source=head.go:767 msg="On-disk memory mappable chunks replay completed" component=tsdb duration=1.041µs
prometheus-1  | time=2026-02-02T10:46:38.430Z level=INFO source=head.go:775 msg="Replaying WAL, this may take a while" component=tsdb
prometheus-1  | time=2026-02-02T10:46:38.431Z level=INFO source=head.go:848 msg="WAL segment loaded" component=tsdb segment=0 maxSegment=0 duration=887.533µs
prometheus-1  | time=2026-02-02T10:46:38.431Z level=INFO source=head.go:885 msg="WAL replay completed" component=tsdb checkpoint_replay_duration=13.192µs wal_replay_duration=956.912µs wbl_replay_duration=360ns chunk_snapshot_load_duration=0s mmap_chunk_replay_duration=1.041µs total_replay_duration=982.643µs
prometheus-1  | time=2026-02-02T10:46:38.433Z level=INFO source=main.go:1352 msg="filesystem information" fs_type=EXT4_SUPER_MAGIC
prometheus-1  | time=2026-02-02T10:46:38.433Z level=INFO source=main.go:1355 msg="TSDB started"
prometheus-1  | time=2026-02-02T10:46:38.433Z level=INFO source=main.go:1542 msg="Loading configuration file" filename=/etc/prometheus/prometheus.yml
prometheus-1  | time=2026-02-02T10:46:38.434Z level=INFO source=main.go:1582 msg="Completed loading of configuration file" db_storage=1.174µs remote_storage=1.452µs web_handler=538ns query_engine=999ns scrape=201.685µs scrape_sd=27.142µs notify=59.819µs notify_sd=4.839µs rules=1.797µs tracing=2.828µs filename=/etc/prometheus/prometheus.yml totalDuration=465.3µs
prometheus-1  | time=2026-02-02T10:46:38.434Z level=INFO source=main.go:1316 msg="Server is ready to receive web requests."
prometheus-1  | time=2026-02-02T10:46:38.434Z level=INFO source=manager.go:202 msg="Starting rule manager..." component="rule manager"
 Container job-queue-prometheus-1 Started 
 Container job-queue-api-1 Started 
 Container job-queue-worker-2 Starting 
 Container job-queue-grafana-1 Started 
grafana-1     | logger=settings t=2026-02-02T10:46:38.531568282Z level=info msg="Starting Grafana" version=12.3.2 commit=df2547decd50d14defa20ec9ce1c2e2bc9462d72 branch=release-12.3.2 compiled=2026-02-02T10:46:38Z
grafana-1     | logger=settings t=2026-02-02T10:46:38.531955448Z level=info msg="Config loaded from" file=/usr/share/grafana/conf/defaults.ini
grafana-1     | logger=settings t=2026-02-02T10:46:38.531976896Z level=info msg="Config loaded from" file=/etc/grafana/grafana.ini
grafana-1     | logger=settings t=2026-02-02T10:46:38.531979899Z level=info msg="Config overridden from command line" arg="default.paths.data=/var/lib/grafana"
grafana-1     | logger=settings t=2026-02-02T10:46:38.531981451Z level=info msg="Config overridden from command line" arg="default.paths.logs=/var/log/grafana"
grafana-1     | logger=settings t=2026-02-02T10:46:38.531982815Z level=info msg="Config overridden from command line" arg="default.paths.plugins=/var/lib/grafana/plugins"
grafana-1     | logger=settings t=2026-02-02T10:46:38.531984202Z level=info msg="Config overridden from command line" arg="default.paths.provisioning=/etc/grafana/provisioning"
grafana-1     | logger=settings t=2026-02-02T10:46:38.531985877Z level=info msg="Config overridden from command line" arg="default.log.mode=console"
grafana-1     | logger=settings t=2026-02-02T10:46:38.531987585Z level=info msg="Config overridden from Environment variable" var="GF_PATHS_DATA=/var/lib/grafana"
grafana-1     | logger=settings t=2026-02-02T10:46:38.531989181Z level=info msg="Config overridden from Environment variable" var="GF_PATHS_LOGS=/var/log/grafana"
grafana-1     | logger=settings t=2026-02-02T10:46:38.531990557Z level=info msg="Config overridden from Environment variable" var="GF_PATHS_PLUGINS=/var/lib/grafana/plugins"
grafana-1     | logger=settings t=2026-02-02T10:46:38.531991992Z level=info msg="Config overridden from Environment variable" var="GF_PATHS_PROVISIONING=/etc/grafana/provisioning"
grafana-1     | logger=settings t=2026-02-02T10:46:38.531993905Z level=info msg=Target target=[all]
grafana-1     | logger=settings t=2026-02-02T10:46:38.532001025Z level=info msg="Path Home" path=/usr/share/grafana
grafana-1     | logger=settings t=2026-02-02T10:46:38.532002518Z level=info msg="Path Data" path=/var/lib/grafana
grafana-1     | logger=settings t=2026-02-02T10:46:38.532003875Z level=info msg="Path Logs" path=/var/log/grafana
grafana-1     | logger=settings t=2026-02-02T10:46:38.532005168Z level=info msg="Path Plugins" path=/var/lib/grafana/plugins
grafana-1     | logger=settings t=2026-02-02T10:46:38.532006651Z level=info msg="Path Provisioning" path=/etc/grafana/provisioning
grafana-1     | logger=settings t=2026-02-02T10:46:38.532008375Z level=info msg="App mode production"
grafana-1     | logger=featuremgmt t=2026-02-02T10:46:38.532407223Z level=info msg=FeatureToggles alertingUseNewSimplifiedRoutingHashAlgorithm=true grafanaconThemes=true dashboardScene=true useSessionStorageForRedirection=true correlations=true alertingSaveStateCompressed=true addFieldFromCalculationStatFunctions=true lokiLabelNamesQueryApi=true logsContextDatasourceUi=true unifiedStorageHistoryPruner=true lokiQuerySplitting=true cloudWatchNewLabelParsing=true alertingRuleVersionHistoryRestore=true onlyStoreActionSets=true cloudWatchRoundUpEndTime=true onPremToCloudMigrations=true dashgpt=true influxdbBackendMigration=true transformationsRedesign=true logsPanelControls=true azureMonitorEnableUserAuth=true pinNavItems=true logRowsPopoverMenu=true alertingImportYAMLUI=true awsAsyncQueryCaching=true alertingUIOptimizeReducer=true alertingQueryAndExpressionsStepMode=true alertingBulkActionsInUI=true awsDatasourcesTempCredentials=true logsExploreTableVisualisation=true alertingNotificationsStepMode=true dashboardSceneForViewers=true unifiedRequestLog=true ssoSettingsLDAP=true kubernetesDashboards=true sharingDashboardImage=true alertingMigrationUI=true publicDashboardsScene=true azureMonitorPrometheusExemplars=true alertRuleRestore=true improvedExternalSessionHandlingSAML=true dataplaneFrontendFallback=true adhocFiltersInTooltips=true formatString=true annotationPermissionUpdate=true newPDFRendering=true alertingRulePermanentlyDelete=true tlsMemcached=true dashboardDsAdHocFiltering=true preinstallAutoUpdate=true logsInfiniteScrolling=true cloudWatchCrossAccountQuerying=true panelMonitoring=true newLogsPanel=true recordedQueriesMulti=true groupToNestedTableTransformation=true grafanaAssistantInProfilesDrilldown=true newFiltersUI=true preventPanelChromeOverflow=true dashboardSceneSolo=true improvedExternalSessionHandling=true alertingRuleRecoverDeleted=true prometheusAzureOverrideAudience=true
grafana-1     | logger=sqlstore t=2026-02-02T10:46:38.532460087Z level=info msg="Connecting to DB" dbtype=sqlite3
grafana-1     | logger=sqlstore t=2026-02-02T10:46:38.532462881Z level=info msg="Using SQLite driver" driver="mattn/go-sqlite3 (CGO enabled)"
grafana-1     | logger=sqlstore t=2026-02-02T10:46:38.532471222Z level=info msg="Creating SQLite database file" path=/var/lib/grafana/grafana.db
grafana-1     | logger=migrator t=2026-02-02T10:46:38.534140221Z level=info msg="Locking database"
grafana-1     | logger=migrator t=2026-02-02T10:46:38.534163393Z level=info msg="Starting DB migrations"
grafana-1     | logger=migrator t=2026-02-02T10:46:38.534650301Z level=info msg="Executing migration" id="create migration_log table"
grafana-1     | logger=migrator t=2026-02-02T10:46:38.535223067Z level=info msg="Migration successfully executed" id="create migration_log table" duration=571.752µs
grafana-1     | logger=migrator t=2026-02-02T10:46:38.542993977Z level=info msg="Executing migration" id="create user table"
grafana-1     | logger=migrator t=2026-02-02T10:46:38.543596084Z level=info msg="Migration successfully executed" id="create user table" duration=601.419µs
grafana-1     | logger=migrator t=2026-02-02T10:46:38.55039226Z level=info msg="Executing migration" id="add unique index user.login"
grafana-1     | logger=migrator t=2026-02-02T10:46:38.551016837Z level=info msg="Migration successfully executed" id="add unique index user.login" duration=620.415µs
grafana-1     | logger=migrator t=2026-02-02T10:46:38.563026194Z level=info msg="Executing migration" id="add unique index user.email"
grafana-1     | logger=migrator t=2026-02-02T10:46:38.563639169Z level=info msg="Migration successfully executed" id="add unique index user.email" duration=613.98µs
grafana-1     | logger=migrator t=2026-02-02T10:46:38.57062346Z level=info msg="Executing migration" id="drop index UQE_user_login - v1"
grafana-1     | logger=migrator t=2026-02-02T10:46:38.57117587Z level=info msg="Migration successfully executed" id="drop index UQE_user_login - v1" duration=551.899µs
grafana-1     | logger=migrator t=2026-02-02T10:46:38.584004175Z level=info msg="Executing migration" id="drop index UQE_user_email - v1"
grafana-1     | logger=migrator t=2026-02-02T10:46:38.584576051Z level=info msg="Migration successfully executed" id="drop index UQE_user_email - v1" duration=573.248µs
grafana-1     | logger=migrator t=2026-02-02T10:46:38.594523162Z level=info msg="Executing migration" id="Rename table user to user_v1 - v1"
grafana-1     | logger=migrator t=2026-02-02T10:46:38.595861137Z level=info msg="Migration successfully executed" id="Rename table user to user_v1 - v1" duration=1.345785ms
grafana-1     | logger=migrator t=2026-02-02T10:46:38.602792147Z level=info msg="Executing migration" id="create user table v2"
grafana-1     | logger=migrator t=2026-02-02T10:46:38.603353295Z level=info msg="Migration successfully executed" id="create user table v2" duration=560.893µs
grafana-1     | logger=migrator t=2026-02-02T10:46:38.613866019Z level=info msg="Executing migration" id="create index UQE_user_login - v2"
grafana-1     | logger=migrator t=2026-02-02T10:46:38.614553338Z level=info msg="Migration successfully executed" id="create index UQE_user_login - v2" duration=688.701µs
grafana-1     | logger=migrator t=2026-02-02T10:46:38.627405904Z level=info msg="Executing migration" id="create index UQE_user_email - v2"
grafana-1     | logger=migrator t=2026-02-02T10:46:38.628032164Z level=info msg="Migration successfully executed" id="create index UQE_user_email - v2" duration=625.622µs
grafana-1     | logger=migrator t=2026-02-02T10:46:38.64113603Z level=info msg="Executing migration" id="copy data_source v1 to v2"
grafana-1     | logger=migrator t=2026-02-02T10:46:38.641564507Z level=info msg="Migration successfully executed" id="copy data_source v1 to v2" duration=427.499µs
 Container job-queue-worker-2 Started 
 Container job-queue-worker-1 Starting 
grafana-1     | logger=migrator t=2026-02-02T10:46:38.65096158Z level=info msg="Executing migration" id="Drop old table user_v1"
grafana-1     | logger=migrator t=2026-02-02T10:46:38.651432522Z level=info msg="Migration successfully executed" id="Drop old table user_v1" duration=469.447µs
grafana-1     | logger=migrator t=2026-02-02T10:46:38.65768274Z level=info msg="Executing migration" id="Add column help_flags1 to user table"
grafana-1     | logger=migrator t=2026-02-02T10:46:38.658662465Z level=info msg="Migration successfully executed" id="Add column help_flags1 to user table" duration=973.98µs
grafana-1     | logger=migrator t=2026-02-02T10:46:38.665096283Z level=info msg="Executing migration" id="Update user table charset"
grafana-1     | logger=migrator t=2026-02-02T10:46:38.665166764Z level=info msg="Migration successfully executed" id="Update user table charset" duration=72.83µs
grafana-1     | logger=migrator t=2026-02-02T10:46:38.678262101Z level=info msg="Executing migration" id="Add last_seen_at column to user"
grafana-1     | logger=migrator t=2026-02-02T10:46:38.67918174Z level=info msg="Migration successfully executed" id="Add last_seen_at column to user" duration=919.49µs
grafana-1     | logger=migrator t=2026-02-02T10:46:38.68972541Z level=info msg="Executing migration" id="Add missing user data"
grafana-1     | logger=migrator t=2026-02-02T10:46:38.69015306Z level=info msg="Migration successfully executed" id="Add missing user data" duration=444.417µs
grafana-1     | logger=migrator t=2026-02-02T10:46:38.695954875Z level=info msg="Executing migration" id="Add is_disabled column to user"
grafana-1     | logger=migrator t=2026-02-02T10:46:38.696810981Z level=info msg="Migration successfully executed" id="Add is_disabled column to user" duration=848.436µs
grafana-1     | logger=migrator t=2026-02-02T10:46:38.703369004Z level=info msg="Executing migration" id="Add index user.login/user.email"
grafana-1     | logger=migrator t=2026-02-02T10:46:38.70385539Z level=info msg="Migration successfully executed" id="Add index user.login/user.email" duration=485.928µs
grafana-1     | logger=migrator t=2026-02-02T10:46:38.709587686Z level=info msg="Executing migration" id="Add is_service_account column to user"
grafana-1     | logger=migrator t=2026-02-02T10:46:38.710360186Z level=info msg="Migration successfully executed" id="Add is_service_account column to user" duration=772.455µs
grafana-1     | logger=migrator t=2026-02-02T10:46:38.716063131Z level=info msg="Executing migration" id="Update is_service_account column to nullable"
grafana-1     | logger=migrator t=2026-02-02T10:46:38.719696167Z level=info msg="Migration successfully executed" id="Update is_service_account column to nullable" duration=3.624604ms
grafana-1     | logger=migrator t=2026-02-02T10:46:38.725557156Z level=info msg="Executing migration" id="Add uid column to user"
grafana-1     | logger=migrator t=2026-02-02T10:46:38.726323631Z level=info msg="Migration successfully executed" id="Add uid column to user" duration=766.879µs
grafana-1     | logger=migrator t=2026-02-02T10:46:38.731993343Z level=info msg="Executing migration" id="Update uid column values for users"
grafana-1     | logger=migrator t=2026-02-02T10:46:38.732159993Z level=info msg="Migration successfully executed" id="Update uid column values for users" duration=167.075µs
grafana-1     | logger=migrator t=2026-02-02T10:46:38.740653277Z level=info msg="Executing migration" id="Make sure users uid are set"
grafana-1     | logger=migrator t=2026-02-02T10:46:38.740851865Z level=info msg="Migration successfully executed" id="Make sure users uid are set" duration=198.666µs
grafana-1     | logger=migrator t=2026-02-02T10:46:38.746282239Z level=info msg="Executing migration" id="Add unique index user_uid"
grafana-1     | logger=migrator t=2026-02-02T10:46:38.746746343Z level=info msg="Migration successfully executed" id="Add unique index user_uid" duration=463.87µs
grafana-1     | logger=migrator t=2026-02-02T10:46:38.75275168Z level=info msg="Executing migration" id="Add is_provisioned column to user"
grafana-1     | logger=migrator t=2026-02-02T10:46:38.753653958Z level=info msg="Migration successfully executed" id="Add is_provisioned column to user" duration=902.295µs
grafana-1     | logger=migrator t=2026-02-02T10:46:38.759208692Z level=info msg="Executing migration" id="update login field with orgid to allow for multiple service accounts with same name across orgs"
grafana-1     | logger=migrator t=2026-02-02T10:46:38.759445233Z level=info msg="Migration successfully executed" id="update login field with orgid to allow for multiple service accounts with same name across orgs" duration=236.327µs
grafana-1     | logger=migrator t=2026-02-02T10:46:38.764927883Z level=info msg="Executing migration" id="update service accounts login field orgid to appear only once"
grafana-1     | logger=migrator t=2026-02-02T10:46:38.765279117Z level=info msg="Migration successfully executed" id="update service accounts login field orgid to appear only once" duration=350.901µs
grafana-1     | logger=migrator t=2026-02-02T10:46:38.771038786Z level=info msg="Executing migration" id="update login and email fields to lowercase"
grafana-1     | logger=migrator t=2026-02-02T10:46:38.771395333Z level=info msg="Migration successfully executed" id="update login and email fields to lowercase" duration=356.319µs
grafana-1     | logger=migrator t=2026-02-02T10:46:38.78016704Z level=info msg="Executing migration" id="update login and email fields to lowercase2"
grafana-1     | logger=migrator t=2026-02-02T10:46:38.7804473Z level=info msg="Migration successfully executed" id="update login and email fields to lowercase2" duration=280µs
grafana-1     | logger=migrator t=2026-02-02T10:46:38.787119381Z level=info msg="Executing migration" id="Add index on user.is_service_account and user.last_seen_at"
grafana-1     | logger=migrator t=2026-02-02T10:46:38.787647928Z level=info msg="Migration successfully executed" id="Add index on user.is_service_account and user.last_seen_at" duration=528.648µs
grafana-1     | logger=migrator t=2026-02-02T10:46:38.793283155Z level=info msg="Executing migration" id="create temp user table v1-7"
grafana-1     | logger=migrator t=2026-02-02T10:46:38.793692759Z level=info msg="Migration successfully executed" id="create temp user table v1-7" duration=401.053µs
grafana-1     | logger=migrator t=2026-02-02T10:46:38.799254143Z level=info msg="Executing migration" id="create index IDX_temp_user_email - v1-7"
grafana-1     | logger=migrator t=2026-02-02T10:46:38.799676736Z level=info msg="Migration successfully executed" id="create index IDX_temp_user_email - v1-7" duration=428.942µs
grafana-1     | logger=migrator t=2026-02-02T10:46:38.807595473Z level=info msg="Executing migration" id="create index IDX_temp_user_org_id - v1-7"
grafana-1     | logger=migrator t=2026-02-02T10:46:38.808079314Z level=info msg="Migration successfully executed" id="create index IDX_temp_user_org_id - v1-7" duration=477.066µs
grafana-1     | logger=migrator t=2026-02-02T10:46:38.813902929Z level=info msg="Executing migration" id="create index IDX_temp_user_code - v1-7"
grafana-1     | logger=migrator t=2026-02-02T10:46:38.814384027Z level=info msg="Migration successfully executed" id="create index IDX_temp_user_code - v1-7" duration=481.188µs
grafana-1     | logger=migrator t=2026-02-02T10:46:38.822474913Z level=info msg="Executing migration" id="create index IDX_temp_user_status - v1-7"
grafana-1     | logger=migrator t=2026-02-02T10:46:38.822923357Z level=info msg="Migration successfully executed" id="create index IDX_temp_user_status - v1-7" duration=448.595µs
grafana-1     | logger=migrator t=2026-02-02T10:46:38.839669966Z level=info msg="Executing migration" id="Update temp_user table charset"
grafana-1     | logger=migrator t=2026-02-02T10:46:38.83970773Z level=info msg="Migration successfully executed" id="Update temp_user table charset" duration=39.906µs
api-1         | INFO:     Started server process [1]
api-1         | INFO:     Waiting for application startup.
api-1         | INFO:     Application startup complete.
api-1         | INFO:     Uvicorn running on http://0.0.0.0:8000 (Press CTRL+C to quit)
grafana-1     | logger=migrator t=2026-02-02T10:46:38.8489339Z level=info msg="Executing migration" id="drop index IDX_temp_user_email - v1"
grafana-1     | logger=migrator t=2026-02-02T10:46:38.849460745Z level=info msg="Migration successfully executed" id="drop index IDX_temp_user_email - v1" duration=527.163µs
grafana-1     | logger=migrator t=2026-02-02T10:46:38.855540841Z level=info msg="Executing migration" id="drop index IDX_temp_user_org_id - v1"
grafana-1     | logger=migrator t=2026-02-02T10:46:38.856037841Z level=info msg="Migration successfully executed" id="drop index IDX_temp_user_org_id - v1" duration=496.741µs
grafana-1     | logger=migrator t=2026-02-02T10:46:38.87002381Z level=info msg="Executing migration" id="drop index IDX_temp_user_code - v1"
grafana-1     | logger=migrator t=2026-02-02T10:46:38.870588194Z level=info msg="Migration successfully executed" id="drop index IDX_temp_user_code - v1" duration=565.069µs
 Container job-queue-worker-1 Started 
grafana-1     | logger=migrator t=2026-02-02T10:46:38.876594208Z level=info msg="Executing migration" id="drop index IDX_temp_user_status - v1"
grafana-1     | logger=migrator t=2026-02-02T10:46:38.877057801Z level=info msg="Migration successfully executed" id="drop index IDX_temp_user_status - v1" duration=456.195µs
grafana-1     | logger=migrator t=2026-02-02T10:46:38.883255071Z level=info msg="Executing migration" id="Rename table temp_user to temp_user_tmp_qwerty - v1"
grafana-1     | logger=migrator t=2026-02-02T10:46:38.884797754Z level=info msg="Migration successfully executed" id="Rename table temp_user to temp_user_tmp_qwerty - v1" duration=1.542286ms
grafana-1     | logger=migrator t=2026-02-02T10:46:38.890448236Z level=info msg="Executing migration" id="create temp_user v2"
grafana-1     | logger=migrator t=2026-02-02T10:46:38.890882983Z level=info msg="Migration successfully executed" id="create temp_user v2" duration=434.343µs
grafana-1     | logger=migrator t=2026-02-02T10:46:38.896519327Z level=info msg="Executing migration" id="create index IDX_temp_user_email - v2"
grafana-1     | logger=migrator t=2026-02-02T10:46:38.897055168Z level=info msg="Migration successfully executed" id="create index IDX_temp_user_email - v2" duration=535.266µs
grafana-1     | logger=migrator t=2026-02-02T10:46:38.902787237Z level=info msg="Executing migration" id="create index IDX_temp_user_org_id - v2"
grafana-1     | logger=migrator t=2026-02-02T10:46:38.903318803Z level=info msg="Migration successfully executed" id="create index IDX_temp_user_org_id - v2" duration=531.902µs
grafana-1     | logger=migrator t=2026-02-02T10:46:38.908610063Z level=info msg="Executing migration" id="create index IDX_temp_user_code - v2"
grafana-1     | logger=migrator t=2026-02-02T10:46:38.909035358Z level=info msg="Migration successfully executed" id="create index IDX_temp_user_code - v2" duration=430.566µs
grafana-1     | logger=migrator t=2026-02-02T10:46:38.914960148Z level=info msg="Executing migration" id="create index IDX_temp_user_status - v2"
grafana-1     | logger=migrator t=2026-02-02T10:46:38.915713064Z level=info msg="Migration successfully executed" id="create index IDX_temp_user_status - v2" duration=753.707µs
grafana-1     | logger=migrator t=2026-02-02T10:46:38.922248267Z level=info msg="Executing migration" id="copy temp_user v1 to v2"
grafana-1     | logger=migrator t=2026-02-02T10:46:38.922601851Z level=info msg="Migration successfully executed" id="copy temp_user v1 to v2" duration=353.784µs
grafana-1     | logger=migrator t=2026-02-02T10:46:38.931854833Z level=info msg="Executing migration" id="drop temp_user_tmp_qwerty"
grafana-1     | logger=migrator t=2026-02-02T10:46:38.932304709Z level=info msg="Migration successfully executed" id="drop temp_user_tmp_qwerty" duration=449.758µs
grafana-1     | logger=migrator t=2026-02-02T10:46:38.938972736Z level=info msg="Executing migration" id="Set created for temp users that will otherwise prematurely expire"
grafana-1     | logger=migrator t=2026-02-02T10:46:38.939477478Z level=info msg="Migration successfully executed" id="Set created for temp users that will otherwise prematurely expire" duration=505.63µs
grafana-1     | logger=migrator t=2026-02-02T10:46:38.947033643Z level=info msg="Executing migration" id="create star table"
grafana-1     | logger=migrator t=2026-02-02T10:46:38.947542918Z level=info msg="Migration successfully executed" id="create star table" duration=521.208µs
grafana-1     | logger=migrator t=2026-02-02T10:46:38.953730515Z level=info msg="Executing migration" id="add unique index star.user_id_dashboard_id"
grafana-1     | logger=migrator t=2026-02-02T10:46:38.954289924Z level=info msg="Migration successfully executed" id="add unique index star.user_id_dashboard_id" duration=559.674µs
grafana-1     | logger=migrator t=2026-02-02T10:46:38.966930133Z level=info msg="Executing migration" id="Add column dashboard_uid in star"
grafana-1     | logger=migrator t=2026-02-02T10:46:38.96822708Z level=info msg="Migration successfully executed" id="Add column dashboard_uid in star" duration=1.298595ms
grafana-1     | logger=migrator t=2026-02-02T10:46:38.982204959Z level=info msg="Executing migration" id="Add column org_id in star"
grafana-1     | logger=migrator t=2026-02-02T10:46:38.983228439Z level=info msg="Migration successfully executed" id="Add column org_id in star" duration=1.023928ms
grafana-1     | logger=migrator t=2026-02-02T10:46:38.994208723Z level=info msg="Executing migration" id="Add column updated in star"
grafana-1     | logger=migrator t=2026-02-02T10:46:38.995120117Z level=info msg="Migration successfully executed" id="Add column updated in star" duration=911.94µs
grafana-1     | logger=migrator t=2026-02-02T10:46:39.004222502Z level=info msg="Executing migration" id="add index in star table on dashboard_uid, org_id and user_id columns"
grafana-1     | logger=migrator t=2026-02-02T10:46:39.004718455Z level=info msg="Migration successfully executed" id="add index in star table on dashboard_uid, org_id and user_id columns" duration=495.624µs
grafana-1     | logger=migrator t=2026-02-02T10:46:39.010785356Z level=info msg="Executing migration" id="create org table v1"
grafana-1     | logger=migrator t=2026-02-02T10:46:39.011191255Z level=info msg="Migration successfully executed" id="create org table v1" duration=405.474µs
grafana-1     | logger=migrator t=2026-02-02T10:46:39.016513759Z level=info msg="Executing migration" id="create index UQE_org_name - v1"
grafana-1     | logger=migrator t=2026-02-02T10:46:39.016956319Z level=info msg="Migration successfully executed" id="create index UQE_org_name - v1" duration=432.885µs
grafana-1     | logger=migrator t=2026-02-02T10:46:39.022353242Z level=info msg="Executing migration" id="create org_user table v1"
grafana-1     | logger=migrator t=2026-02-02T10:46:39.022747763Z level=info msg="Migration successfully executed" id="create org_user table v1" duration=394.564µs
grafana-1     | logger=migrator t=2026-02-02T10:46:39.028322804Z level=info msg="Executing migration" id="create index IDX_org_user_org_id - v1"
grafana-1     | logger=migrator t=2026-02-02T10:46:39.028765153Z level=info msg="Migration successfully executed" id="create index IDX_org_user_org_id - v1" duration=442.059µs
grafana-1     | logger=migrator t=2026-02-02T10:46:39.034084027Z level=info msg="Executing migration" id="create index UQE_org_user_org_id_user_id - v1"
grafana-1     | logger=migrator t=2026-02-02T10:46:39.03450522Z level=info msg="Migration successfully executed" id="create index UQE_org_user_org_id_user_id - v1" duration=420.812µs
grafana-1     | logger=migrator t=2026-02-02T10:46:39.039946997Z level=info msg="Executing migration" id="create index IDX_org_user_user_id - v1"
grafana-1     | logger=migrator t=2026-02-02T10:46:39.040509029Z level=info msg="Migration successfully executed" id="create index IDX_org_user_user_id - v1" duration=562.514µs
grafana-1     | logger=migrator t=2026-02-02T10:46:39.045976723Z level=info msg="Executing migration" id="Update org table charset"
grafana-1     | logger=migrator t=2026-02-02T10:46:39.0460019Z level=info msg="Migration successfully executed" id="Update org table charset" duration=25.886µs
grafana-1     | logger=migrator t=2026-02-02T10:46:39.051269649Z level=info msg="Executing migration" id="Update org_user table charset"
grafana-1     | logger=migrator t=2026-02-02T10:46:39.051303876Z level=info msg="Migration successfully executed" id="Update org_user table charset" duration=34.93µs
grafana-1     | logger=migrator t=2026-02-02T10:46:39.056597149Z level=info msg="Executing migration" id="Migrate all Read Only Viewers to Viewers"
grafana-1     | logger=migrator t=2026-02-02T10:46:39.056725984Z level=info msg="Migration successfully executed" id="Migrate all Read Only Viewers to Viewers" duration=129.247µs
grafana-1     | logger=migrator t=2026-02-02T10:46:39.061984437Z level=info msg="Executing migration" id="create dashboard table"
grafana-1     | logger=migrator t=2026-02-02T10:46:39.062445404Z level=info msg="Migration successfully executed" id="create dashboard table" duration=460.574µs
grafana-1     | logger=migrator t=2026-02-02T10:46:39.067940458Z level=info msg="Executing migration" id="add index dashboard.account_id"
grafana-1     | logger=migrator t=2026-02-02T10:46:39.068549868Z level=info msg="Migration successfully executed" id="add index dashboard.account_id" duration=609.767µs
grafana-1     | logger=migrator t=2026-02-02T10:46:39.074189419Z level=info msg="Executing migration" id="add unique index dashboard_account_id_slug"
grafana-1     | logger=migrator t=2026-02-02T10:46:39.074777083Z level=info msg="Migration successfully executed" id="add unique index dashboard_account_id_slug" duration=587.783µs
grafana-1     | logger=migrator t=2026-02-02T10:46:39.083707649Z level=info msg="Executing migration" id="create dashboard_tag table"
grafana-1     | logger=migrator t=2026-02-02T10:46:39.08439466Z level=info msg="Migration successfully executed" id="create dashboard_tag table" duration=687.43µs
grafana-1     | logger=migrator t=2026-02-02T10:46:39.090368724Z level=info msg="Executing migration" id="add unique index dashboard_tag.dasboard_id_term"
grafana-1     | logger=migrator t=2026-02-02T10:46:39.090970383Z level=info msg="Migration successfully executed" id="add unique index dashboard_tag.dasboard_id_term" duration=613.588µs
grafana-1     | logger=migrator t=2026-02-02T10:46:39.097471151Z level=info msg="Executing migration" id="drop index UQE_dashboard_tag_dashboard_id_term - v1"
grafana-1     | logger=migrator t=2026-02-02T10:46:39.098077087Z level=info msg="Migration successfully executed" id="drop index UQE_dashboard_tag_dashboard_id_term - v1" duration=620.113µs
grafana-1     | logger=migrator t=2026-02-02T10:46:39.104157622Z level=info msg="Executing migration" id="Rename table dashboard to dashboard_v1 - v1"
grafana-1     | logger=migrator t=2026-02-02T10:46:39.106285363Z level=info msg="Migration successfully executed" id="Rename table dashboard to dashboard_v1 - v1" duration=2.127545ms
grafana-1     | logger=migrator t=2026-02-02T10:46:39.11211234Z level=info msg="Executing migration" id="create dashboard v2"
grafana-1     | logger=migrator t=2026-02-02T10:46:39.112619841Z level=info msg="Migration successfully executed" id="create dashboard v2" duration=507.802µs
grafana-1     | logger=migrator t=2026-02-02T10:46:39.11864804Z level=info msg="Executing migration" id="create index IDX_dashboard_org_id - v2"
grafana-1     | logger=migrator t=2026-02-02T10:46:39.119342171Z level=info msg="Migration successfully executed" id="create index IDX_dashboard_org_id - v2" duration=694.296µs
grafana-1     | logger=migrator t=2026-02-02T10:46:39.124838497Z level=info msg="Executing migration" id="create index UQE_dashboard_org_id_slug - v2"
grafana-1     | logger=migrator t=2026-02-02T10:46:39.12545097Z level=info msg="Migration successfully executed" id="create index UQE_dashboard_org_id_slug - v2" duration=612.32µs
grafana-1     | logger=migrator t=2026-02-02T10:46:39.133153213Z level=info msg="Executing migration" id="copy dashboard v1 to v2"
grafana-1     | logger=migrator t=2026-02-02T10:46:39.133445354Z level=info msg="Migration successfully executed" id="copy dashboard v1 to v2" duration=287.138µs
grafana-1     | logger=migrator t=2026-02-02T10:46:39.138956604Z level=info msg="Executing migration" id="drop table dashboard_v1"
grafana-1     | logger=migrator t=2026-02-02T10:46:39.139460526Z level=info msg="Migration successfully executed" id="drop table dashboard_v1" duration=504.133µs
grafana-1     | logger=migrator t=2026-02-02T10:46:39.145033271Z level=info msg="Executing migration" id="alter dashboard.data to mediumtext v1"
grafana-1     | logger=migrator t=2026-02-02T10:46:39.145054396Z level=info msg="Migration successfully executed" id="alter dashboard.data to mediumtext v1" duration=22.352µs
grafana-1     | logger=migrator t=2026-02-02T10:46:39.150289171Z level=info msg="Executing migration" id="Add column updated_by in dashboard - v2"
grafana-1     | logger=migrator t=2026-02-02T10:46:39.151346294Z level=info msg="Migration successfully executed" id="Add column updated_by in dashboard - v2" duration=1.064166ms
grafana-1     | logger=migrator t=2026-02-02T10:46:39.156828781Z level=info msg="Executing migration" id="Add column created_by in dashboard - v2"
grafana-1     | logger=migrator t=2026-02-02T10:46:39.15781195Z level=info msg="Migration successfully executed" id="Add column created_by in dashboard - v2" duration=983.233µs
grafana-1     | logger=migrator t=2026-02-02T10:46:39.163219969Z level=info msg="Executing migration" id="Add column gnetId in dashboard"
grafana-1     | logger=migrator t=2026-02-02T10:46:39.164202932Z level=info msg="Migration successfully executed" id="Add column gnetId in dashboard" duration=983.238µs
grafana-1     | logger=migrator t=2026-02-02T10:46:39.169570044Z level=info msg="Executing migration" id="Add index for gnetId in dashboard"
grafana-1     | logger=migrator t=2026-02-02T10:46:39.169989561Z level=info msg="Migration successfully executed" id="Add index for gnetId in dashboard" duration=419.447µs
grafana-1     | logger=migrator t=2026-02-02T10:46:39.17536266Z level=info msg="Executing migration" id="Add column plugin_id in dashboard"
grafana-1     | logger=migrator t=2026-02-02T10:46:39.176375644Z level=info msg="Migration successfully executed" id="Add column plugin_id in dashboard" duration=1.013307ms
grafana-1     | logger=migrator t=2026-02-02T10:46:39.181816219Z level=info msg="Executing migration" id="Add index for plugin_id in dashboard"
grafana-1     | logger=migrator t=2026-02-02T10:46:39.182237818Z level=info msg="Migration successfully executed" id="Add index for plugin_id in dashboard" duration=422.014µs
grafana-1     | logger=migrator t=2026-02-02T10:46:39.187733502Z level=info msg="Executing migration" id="Add index for dashboard_id in dashboard_tag"
grafana-1     | logger=migrator t=2026-02-02T10:46:39.188164671Z level=info msg="Migration successfully executed" id="Add index for dashboard_id in dashboard_tag" duration=431.132µs
grafana-1     | logger=migrator t=2026-02-02T10:46:39.193537999Z level=info msg="Executing migration" id="Update dashboard table charset"
grafana-1     | logger=migrator t=2026-02-02T10:46:39.193565703Z level=info msg="Migration successfully executed" id="Update dashboard table charset" duration=25.28µs
grafana-1     | logger=migrator t=2026-02-02T10:46:39.198796228Z level=info msg="Executing migration" id="Update dashboard_tag table charset"
grafana-1     | logger=migrator t=2026-02-02T10:46:39.198823103Z level=info msg="Migration successfully executed" id="Update dashboard_tag table charset" duration=27.637µs
grafana-1     | logger=migrator t=2026-02-02T10:46:39.206462589Z level=info msg="Executing migration" id="Add column folder_id in dashboard"
grafana-1     | logger=migrator t=2026-02-02T10:46:39.207533636Z level=info msg="Migration successfully executed" id="Add column folder_id in dashboard" duration=1.071027ms
grafana-1     | logger=migrator t=2026-02-02T10:46:39.212971955Z level=info msg="Executing migration" id="Add column isFolder in dashboard"
grafana-1     | logger=migrator t=2026-02-02T10:46:39.21400057Z level=info msg="Migration successfully executed" id="Add column isFolder in dashboard" duration=1.028626ms
grafana-1     | logger=migrator t=2026-02-02T10:46:39.219764911Z level=info msg="Executing migration" id="Add column has_acl in dashboard"
grafana-1     | logger=migrator t=2026-02-02T10:46:39.220796045Z level=info msg="Migration successfully executed" id="Add column has_acl in dashboard" duration=1.030772ms
grafana-1     | logger=migrator t=2026-02-02T10:46:39.226395024Z level=info msg="Executing migration" id="Add column uid in dashboard"
grafana-1     | logger=migrator t=2026-02-02T10:46:39.227403578Z level=info msg="Migration successfully executed" id="Add column uid in dashboard" duration=1.00853ms
grafana-1     | logger=migrator t=2026-02-02T10:46:39.232857833Z level=info msg="Executing migration" id="Update uid column values in dashboard"
grafana-1     | logger=migrator t=2026-02-02T10:46:39.233012541Z level=info msg="Migration successfully executed" id="Update uid column values in dashboard" duration=154.947µs
grafana-1     | logger=migrator t=2026-02-02T10:46:39.242947234Z level=info msg="Executing migration" id="Add unique index dashboard_org_id_uid"
grafana-1     | logger=migrator t=2026-02-02T10:46:39.243458819Z level=info msg="Migration successfully executed" id="Add unique index dashboard_org_id_uid" duration=502.547µs
grafana-1     | logger=migrator t=2026-02-02T10:46:39.249221182Z level=info msg="Executing migration" id="Remove unique index org_id_slug"
grafana-1     | logger=migrator t=2026-02-02T10:46:39.249709938Z level=info msg="Migration successfully executed" id="Remove unique index org_id_slug" duration=488.337µs
grafana-1     | logger=migrator t=2026-02-02T10:46:39.255460225Z level=info msg="Executing migration" id="Update dashboard title length"
grafana-1     | logger=migrator t=2026-02-02T10:46:39.255493106Z level=info msg="Migration successfully executed" id="Update dashboard title length" duration=33.731µs
grafana-1     | logger=migrator t=2026-02-02T10:46:39.262886415Z level=info msg="Executing migration" id="Add unique index for dashboard_org_id_title_folder_id"
grafana-1     | logger=migrator t=2026-02-02T10:46:39.263574974Z level=info msg="Migration successfully executed" id="Add unique index for dashboard_org_id_title_folder_id" duration=698.926µs
grafana-1     | logger=migrator t=2026-02-02T10:46:39.269573742Z level=info msg="Executing migration" id="create dashboard_provisioning"
grafana-1     | logger=migrator t=2026-02-02T10:46:39.270216234Z level=info msg="Migration successfully executed" id="create dashboard_provisioning" duration=642.58µs
grafana-1     | logger=migrator t=2026-02-02T10:46:39.279048868Z level=info msg="Executing migration" id="Rename table dashboard_provisioning to dashboard_provisioning_tmp_qwerty - v1"
grafana-1     | logger=migrator t=2026-02-02T10:46:39.282092752Z level=info msg="Migration successfully executed" id="Rename table dashboard_provisioning to dashboard_provisioning_tmp_qwerty - v1" duration=3.043771ms
grafana-1     | logger=migrator t=2026-02-02T10:46:39.288120682Z level=info msg="Executing migration" id="create dashboard_provisioning v2"
grafana-1     | logger=migrator t=2026-02-02T10:46:39.288586053Z level=info msg="Migration successfully executed" id="create dashboard_provisioning v2" duration=466.064µs
grafana-1     | logger=migrator t=2026-02-02T10:46:39.294411276Z level=info msg="Executing migration" id="create index IDX_dashboard_provisioning_dashboard_id - v2"
grafana-1     | logger=migrator t=2026-02-02T10:46:39.294964841Z level=info msg="Migration successfully executed" id="create index IDX_dashboard_provisioning_dashboard_id - v2" duration=554.449µs
grafana-1     | logger=migrator t=2026-02-02T10:46:39.3006281Z level=info msg="Executing migration" id="create index IDX_dashboard_provisioning_dashboard_id_name - v2"
grafana-1     | logger=migrator t=2026-02-02T10:46:39.301318787Z level=info msg="Migration successfully executed" id="create index IDX_dashboard_provisioning_dashboard_id_name - v2" duration=696.937µs
grafana-1     | logger=migrator t=2026-02-02T10:46:39.307475864Z level=info msg="Executing migration" id="copy dashboard_provisioning v1 to v2"
grafana-1     | logger=migrator t=2026-02-02T10:46:39.307828303Z level=info msg="Migration successfully executed" id="copy dashboard_provisioning v1 to v2" duration=352.16µs
grafana-1     | logger=migrator t=2026-02-02T10:46:39.314048142Z level=info msg="Executing migration" id="drop dashboard_provisioning_tmp_qwerty"
grafana-1     | logger=migrator t=2026-02-02T10:46:39.314508682Z level=info msg="Migration successfully executed" id="drop dashboard_provisioning_tmp_qwerty" duration=460.351µs
grafana-1     | logger=migrator t=2026-02-02T10:46:39.320119127Z level=info msg="Executing migration" id="Add check_sum column"
grafana-1     | logger=migrator t=2026-02-02T10:46:39.321367242Z level=info msg="Migration successfully executed" id="Add check_sum column" duration=1.248115ms
grafana-1     | logger=migrator t=2026-02-02T10:46:39.327279674Z level=info msg="Executing migration" id="Add index for dashboard_title"
grafana-1     | logger=migrator t=2026-02-02T10:46:39.327862261Z level=info msg="Migration successfully executed" id="Add index for dashboard_title" duration=583.479µs
grafana-1     | logger=migrator t=2026-02-02T10:46:39.333126915Z level=info msg="Executing migration" id="delete tags for deleted dashboards"
grafana-1     | logger=migrator t=2026-02-02T10:46:39.33326669Z level=info msg="Migration successfully executed" id="delete tags for deleted dashboards" duration=140.54µs
grafana-1     | logger=migrator t=2026-02-02T10:46:39.338810652Z level=info msg="Executing migration" id="delete stars for deleted dashboards"
grafana-1     | logger=migrator t=2026-02-02T10:46:39.338982815Z level=info msg="Migration successfully executed" id="delete stars for deleted dashboards" duration=173.902µs
grafana-1     | logger=migrator t=2026-02-02T10:46:39.344645891Z level=info msg="Executing migration" id="Add index for dashboard_is_folder"
grafana-1     | logger=migrator t=2026-02-02T10:46:39.345128328Z level=info msg="Migration successfully executed" id="Add index for dashboard_is_folder" duration=482.67µs
grafana-1     | logger=migrator t=2026-02-02T10:46:39.350459224Z level=info msg="Executing migration" id="Add isPublic for dashboard"
grafana-1     | logger=migrator t=2026-02-02T10:46:39.351723683Z level=info msg="Migration successfully executed" id="Add isPublic for dashboard" duration=1.264077ms
grafana-1     | logger=migrator t=2026-02-02T10:46:39.357454829Z level=info msg="Executing migration" id="Add deleted for dashboard"
grafana-1     | logger=migrator t=2026-02-02T10:46:39.358802835Z level=info msg="Migration successfully executed" id="Add deleted for dashboard" duration=1.347741ms
grafana-1     | logger=migrator t=2026-02-02T10:46:39.364825974Z level=info msg="Executing migration" id="Add index for deleted"
grafana-1     | logger=migrator t=2026-02-02T10:46:39.365452037Z level=info msg="Migration successfully executed" id="Add index for deleted" duration=625.811µs
grafana-1     | logger=migrator t=2026-02-02T10:46:39.371534115Z level=info msg="Executing migration" id="Add column dashboard_uid in dashboard_tag"
grafana-1     | logger=migrator t=2026-02-02T10:46:39.373592955Z level=info msg="Migration successfully executed" id="Add column dashboard_uid in dashboard_tag" duration=2.058202ms
grafana-1     | logger=migrator t=2026-02-02T10:46:39.379943678Z level=info msg="Executing migration" id="Add column org_id in dashboard_tag"
grafana-1     | logger=migrator t=2026-02-02T10:46:39.382259185Z level=info msg="Migration successfully executed" id="Add column org_id in dashboard_tag" duration=2.301443ms
grafana-1     | logger=migrator t=2026-02-02T10:46:39.392109498Z level=info msg="Executing migration" id="Add missing dashboard_uid and org_id to dashboard_tag"
grafana-1     | logger=migrator t=2026-02-02T10:46:39.392654111Z level=info msg="Migration successfully executed" id="Add missing dashboard_uid and org_id to dashboard_tag" duration=544.411µs
grafana-1     | logger=migrator t=2026-02-02T10:46:39.39957981Z level=info msg="Executing migration" id="Add apiVersion for dashboard"
grafana-1     | logger=migrator t=2026-02-02T10:46:39.401215786Z level=info msg="Migration successfully executed" id="Add apiVersion for dashboard" duration=1.635635ms
grafana-1     | logger=migrator t=2026-02-02T10:46:39.407400145Z level=info msg="Executing migration" id="Add index for dashboard_uid on dashboard_tag table"
grafana-1     | logger=migrator t=2026-02-02T10:46:39.407963834Z level=info msg="Migration successfully executed" id="Add index for dashboard_uid on dashboard_tag table" duration=563.942µs
grafana-1     | logger=migrator t=2026-02-02T10:46:39.413686737Z level=info msg="Executing migration" id="Add missing dashboard_uid and org_id to star"
grafana-1     | logger=migrator t=2026-02-02T10:46:39.4139652Z level=info msg="Migration successfully executed" id="Add missing dashboard_uid and org_id to star" duration=278.546µs
grafana-1     | logger=migrator t=2026-02-02T10:46:39.421380657Z level=info msg="Executing migration" id="create data_source table"
grafana-1     | logger=migrator t=2026-02-02T10:46:39.421846061Z level=info msg="Migration successfully executed" id="create data_source table" duration=465.335µs
grafana-1     | logger=migrator t=2026-02-02T10:46:39.427249595Z level=info msg="Executing migration" id="add index data_source.account_id"
grafana-1     | logger=migrator t=2026-02-02T10:46:39.427717204Z level=info msg="Migration successfully executed" id="add index data_source.account_id" duration=467.948µs
grafana-1     | logger=migrator t=2026-02-02T10:46:39.433661021Z level=info msg="Executing migration" id="add unique index data_source.account_id_name"
grafana-1     | logger=migrator t=2026-02-02T10:46:39.434276707Z level=info msg="Migration successfully executed" id="add unique index data_source.account_id_name" duration=607.297µs
grafana-1     | logger=migrator t=2026-02-02T10:46:39.439988793Z level=info msg="Executing migration" id="drop index IDX_data_source_account_id - v1"
grafana-1     | logger=migrator t=2026-02-02T10:46:39.440580428Z level=info msg="Migration successfully executed" id="drop index IDX_data_source_account_id - v1" duration=591.186µs
grafana-1     | logger=migrator t=2026-02-02T10:46:39.446322038Z level=info msg="Executing migration" id="drop index UQE_data_source_account_id_name - v1"
grafana-1     | logger=migrator t=2026-02-02T10:46:39.447914685Z level=info msg="Migration successfully executed" id="drop index UQE_data_source_account_id_name - v1" duration=1.59204ms
grafana-1     | logger=migrator t=2026-02-02T10:46:39.453964428Z level=info msg="Executing migration" id="Rename table data_source to data_source_v1 - v1"
grafana-1     | logger=migrator t=2026-02-02T10:46:39.458515174Z level=info msg="Migration successfully executed" id="Rename table data_source to data_source_v1 - v1" duration=4.549207ms
grafana-1     | logger=migrator t=2026-02-02T10:46:39.465124605Z level=info msg="Executing migration" id="create data_source table v2"
grafana-1     | logger=migrator t=2026-02-02T10:46:39.466079185Z level=info msg="Migration successfully executed" id="create data_source table v2" duration=953.576µs
grafana-1     | logger=migrator t=2026-02-02T10:46:39.473121662Z level=info msg="Executing migration" id="create index IDX_data_source_org_id - v2"
grafana-1     | logger=migrator t=2026-02-02T10:46:39.474336863Z level=info msg="Migration successfully executed" id="create index IDX_data_source_org_id - v2" duration=1.214214ms
grafana-1     | logger=migrator t=2026-02-02T10:46:39.48212217Z level=info msg="Executing migration" id="create index UQE_data_source_org_id_name - v2"
grafana-1     | logger=migrator t=2026-02-02T10:46:39.483455429Z level=info msg="Migration successfully executed" id="create index UQE_data_source_org_id_name - v2" duration=1.331504ms
grafana-1     | logger=migrator t=2026-02-02T10:46:39.491263313Z level=info msg="Executing migration" id="Drop old table data_source_v1 #2"
grafana-1     | logger=migrator t=2026-02-02T10:46:39.492218419Z level=info msg="Migration successfully executed" id="Drop old table data_source_v1 #2" duration=953.765µs
grafana-1     | logger=migrator t=2026-02-02T10:46:39.500538341Z level=info msg="Executing migration" id="Add column with_credentials"
grafana-1     | logger=migrator t=2026-02-02T10:46:39.503853902Z level=info msg="Migration successfully executed" id="Add column with_credentials" duration=3.31451ms
grafana-1     | logger=migrator t=2026-02-02T10:46:39.514048839Z level=info msg="Executing migration" id="Add secure json data column"
grafana-1     | logger=migrator t=2026-02-02T10:46:39.517301836Z level=info msg="Migration successfully executed" id="Add secure json data column" duration=3.251737ms
grafana-1     | logger=migrator t=2026-02-02T10:46:39.525156745Z level=info msg="Executing migration" id="Update data_source table charset"
grafana-1     | logger=migrator t=2026-02-02T10:46:39.525227068Z level=info msg="Migration successfully executed" id="Update data_source table charset" duration=73.106µs
grafana-1     | logger=migrator t=2026-02-02T10:46:39.533669857Z level=info msg="Executing migration" id="Update initial version to 1"
grafana-1     | logger=migrator t=2026-02-02T10:46:39.534102764Z level=info msg="Migration successfully executed" id="Update initial version to 1" duration=432.745µs
grafana-1     | logger=migrator t=2026-02-02T10:46:39.54184072Z level=info msg="Executing migration" id="Add read_only data column"
grafana-1     | logger=migrator t=2026-02-02T10:46:39.545117884Z level=info msg="Migration successfully executed" id="Add read_only data column" duration=3.260298ms
grafana-1     | logger=migrator t=2026-02-02T10:46:39.553900925Z level=info msg="Executing migration" id="Migrate logging ds to loki ds"
grafana-1     | logger=migrator t=2026-02-02T10:46:39.554295869Z level=info msg="Migration successfully executed" id="Migrate logging ds to loki ds" duration=348.669µs
grafana-1     | logger=migrator t=2026-02-02T10:46:39.561922243Z level=info msg="Executing migration" id="Update json_data with nulls"
grafana-1     | logger=migrator t=2026-02-02T10:46:39.562180939Z level=info msg="Migration successfully executed" id="Update json_data with nulls" duration=259.129µs
grafana-1     | logger=migrator t=2026-02-02T10:46:39.569578644Z level=info msg="Executing migration" id="Add uid column"
grafana-1     | logger=migrator t=2026-02-02T10:46:39.571655974Z level=info msg="Migration successfully executed" id="Add uid column" duration=2.077574ms
grafana-1     | logger=migrator t=2026-02-02T10:46:39.578625553Z level=info msg="Executing migration" id="Update uid value"
grafana-1     | logger=migrator t=2026-02-02T10:46:39.578932262Z level=info msg="Migration successfully executed" id="Update uid value" duration=306.533µs
grafana-1     | logger=migrator t=2026-02-02T10:46:39.58646937Z level=info msg="Executing migration" id="Add unique index datasource_org_id_uid"
grafana-1     | logger=migrator t=2026-02-02T10:46:39.587147086Z level=info msg="Migration successfully executed" id="Add unique index datasource_org_id_uid" duration=677.522µs
grafana-1     | logger=migrator t=2026-02-02T10:46:39.59465353Z level=info msg="Executing migration" id="add unique index datasource_org_id_is_default"
grafana-1     | logger=migrator t=2026-02-02T10:46:39.595435486Z level=info msg="Migration successfully executed" id="add unique index datasource_org_id_is_default" duration=781.472µs
grafana-1     | logger=migrator t=2026-02-02T10:46:39.606361892Z level=info msg="Executing migration" id="Add is_prunable column"
grafana-1     | logger=migrator t=2026-02-02T10:46:39.608054097Z level=info msg="Migration successfully executed" id="Add is_prunable column" duration=1.691917ms
grafana-1     | logger=migrator t=2026-02-02T10:46:39.614826304Z level=info msg="Executing migration" id="Add api_version column"
grafana-1     | logger=migrator t=2026-02-02T10:46:39.616326787Z level=info msg="Migration successfully executed" id="Add api_version column" duration=1.486364ms
grafana-1     | logger=migrator t=2026-02-02T10:46:39.622064353Z level=info msg="Executing migration" id="Update secure_json_data column to MediumText"
grafana-1     | logger=migrator t=2026-02-02T10:46:39.622086691Z level=info msg="Migration successfully executed" id="Update secure_json_data column to MediumText" duration=23.735µs
grafana-1     | logger=migrator t=2026-02-02T10:46:39.628127877Z level=info msg="Executing migration" id="Update json_data column to MediumText"
grafana-1     | logger=migrator t=2026-02-02T10:46:39.628146964Z level=info msg="Migration successfully executed" id="Update json_data column to MediumText" duration=20.006µs
grafana-1     | logger=migrator t=2026-02-02T10:46:39.633569749Z level=info msg="Executing migration" id="create api_key table"
grafana-1     | logger=migrator t=2026-02-02T10:46:39.633985875Z level=info msg="Migration successfully executed" id="create api_key table" duration=416.112µs
grafana-1     | logger=migrator t=2026-02-02T10:46:39.63989873Z level=info msg="Executing migration" id="add index api_key.account_id"
grafana-1     | logger=migrator t=2026-02-02T10:46:39.640336495Z level=info msg="Migration successfully executed" id="add index api_key.account_id" duration=438.095µs
grafana-1     | logger=migrator t=2026-02-02T10:46:39.646169285Z level=info msg="Executing migration" id="add index api_key.key"
grafana-1     | logger=migrator t=2026-02-02T10:46:39.646685102Z level=info msg="Migration successfully executed" id="add index api_key.key" duration=509.769µs
grafana-1     | logger=migrator t=2026-02-02T10:46:39.652249581Z level=info msg="Executing migration" id="add index api_key.account_id_name"
grafana-1     | logger=migrator t=2026-02-02T10:46:39.652803656Z level=info msg="Migration successfully executed" id="add index api_key.account_id_name" duration=554.06µs
grafana-1     | logger=migrator t=2026-02-02T10:46:39.658570788Z level=info msg="Executing migration" id="drop index IDX_api_key_account_id - v1"
grafana-1     | logger=migrator t=2026-02-02T10:46:39.659207163Z level=info msg="Migration successfully executed" id="drop index IDX_api_key_account_id - v1" duration=635.953µs
grafana-1     | logger=migrator t=2026-02-02T10:46:39.665425475Z level=info msg="Executing migration" id="drop index UQE_api_key_key - v1"
grafana-1     | logger=migrator t=2026-02-02T10:46:39.666139526Z level=info msg="Migration successfully executed" id="drop index UQE_api_key_key - v1" duration=713.734µs
grafana-1     | logger=migrator t=2026-02-02T10:46:39.67246956Z level=info msg="Executing migration" id="drop index UQE_api_key_account_id_name - v1"
grafana-1     | logger=migrator t=2026-02-02T10:46:39.673283338Z level=info msg="Migration successfully executed" id="drop index UQE_api_key_account_id_name - v1" duration=813.107µs
grafana-1     | logger=migrator t=2026-02-02T10:46:39.68055607Z level=info msg="Executing migration" id="Rename table api_key to api_key_v1 - v1"
grafana-1     | logger=migrator t=2026-02-02T10:46:39.686285928Z level=info msg="Migration successfully executed" id="Rename table api_key to api_key_v1 - v1" duration=5.729336ms
grafana-1     | logger=migrator t=2026-02-02T10:46:39.693527751Z level=info msg="Executing migration" id="create api_key table v2"
grafana-1     | logger=migrator t=2026-02-02T10:46:39.694158397Z level=info msg="Migration successfully executed" id="create api_key table v2" duration=630.498µs
grafana-1     | logger=migrator t=2026-02-02T10:46:39.70034366Z level=info msg="Executing migration" id="create index IDX_api_key_org_id - v2"
grafana-1     | logger=migrator t=2026-02-02T10:46:39.701103018Z level=info msg="Migration successfully executed" id="create index IDX_api_key_org_id - v2" duration=760.908µs
grafana-1     | logger=migrator t=2026-02-02T10:46:39.707458044Z level=info msg="Executing migration" id="create index UQE_api_key_key - v2"
grafana-1     | logger=migrator t=2026-02-02T10:46:39.70821011Z level=info msg="Migration successfully executed" id="create index UQE_api_key_key - v2" duration=751.338µs
grafana-1     | logger=migrator t=2026-02-02T10:46:39.714392465Z level=info msg="Executing migration" id="create index UQE_api_key_org_id_name - v2"
grafana-1     | logger=migrator t=2026-02-02T10:46:39.715304064Z level=info msg="Migration successfully executed" id="create index UQE_api_key_org_id_name - v2" duration=911.471µs
grafana-1     | logger=migrator t=2026-02-02T10:46:39.721916306Z level=info msg="Executing migration" id="copy api_key v1 to v2"
grafana-1     | logger=migrator t=2026-02-02T10:46:39.722361911Z level=info msg="Migration successfully executed" id="copy api_key v1 to v2" duration=445.173µs
grafana-1     | logger=migrator t=2026-02-02T10:46:39.729707436Z level=info msg="Executing migration" id="Drop old table api_key_v1"
grafana-1     | logger=migrator t=2026-02-02T10:46:39.730488634Z level=info msg="Migration successfully executed" id="Drop old table api_key_v1" duration=801.06µs
grafana-1     | logger=migrator t=2026-02-02T10:46:39.737831306Z level=info msg="Executing migration" id="Update api_key table charset"
grafana-1     | logger=migrator t=2026-02-02T10:46:39.737891476Z level=info msg="Migration successfully executed" id="Update api_key table charset" duration=61.825µs
grafana-1     | logger=migrator t=2026-02-02T10:46:39.745331952Z level=info msg="Executing migration" id="Add expires to api_key table"
grafana-1     | logger=migrator t=2026-02-02T10:46:39.748472122Z level=info msg="Migration successfully executed" id="Add expires to api_key table" duration=3.126628ms
grafana-1     | logger=migrator t=2026-02-02T10:46:39.755321184Z level=info msg="Executing migration" id="Add service account foreign key"
grafana-1     | logger=migrator t=2026-02-02T10:46:39.758402891Z level=info msg="Migration successfully executed" id="Add service account foreign key" duration=3.080927ms
grafana-1     | logger=migrator t=2026-02-02T10:46:39.765597234Z level=info msg="Executing migration" id="set service account foreign key to nil if 0"
grafana-1     | logger=migrator t=2026-02-02T10:46:39.765861605Z level=info msg="Migration successfully executed" id="set service account foreign key to nil if 0" duration=264.839µs
grafana-1     | logger=migrator t=2026-02-02T10:46:39.772984262Z level=info msg="Executing migration" id="Add last_used_at to api_key table"
grafana-1     | logger=migrator t=2026-02-02T10:46:39.776273112Z level=info msg="Migration successfully executed" id="Add last_used_at to api_key table" duration=3.287399ms
grafana-1     | logger=migrator t=2026-02-02T10:46:39.784049013Z level=info msg="Executing migration" id="Add is_revoked column to api_key table"
grafana-1     | logger=migrator t=2026-02-02T10:46:39.787495064Z level=info msg="Migration successfully executed" id="Add is_revoked column to api_key table" duration=3.444848ms
grafana-1     | logger=migrator t=2026-02-02T10:46:39.795599163Z level=info msg="Executing migration" id="create dashboard_snapshot table v4"
grafana-1     | logger=migrator t=2026-02-02T10:46:39.796524145Z level=info msg="Migration successfully executed" id="create dashboard_snapshot table v4" duration=934.026µs
grafana-1     | logger=migrator t=2026-02-02T10:46:39.803869325Z level=info msg="Executing migration" id="drop table dashboard_snapshot_v4 #1"
grafana-1     | logger=migrator t=2026-02-02T10:46:39.804642772Z level=info msg="Migration successfully executed" id="drop table dashboard_snapshot_v4 #1" duration=772.292µs
grafana-1     | logger=migrator t=2026-02-02T10:46:39.816686227Z level=info msg="Executing migration" id="create dashboard_snapshot table v5 #2"
grafana-1     | logger=migrator t=2026-02-02T10:46:39.817500399Z level=info msg="Migration successfully executed" id="create dashboard_snapshot table v5 #2" duration=814.386µs
grafana-1     | logger=migrator t=2026-02-02T10:46:39.825885941Z level=info msg="Executing migration" id="create index UQE_dashboard_snapshot_key - v5"
grafana-1     | logger=migrator t=2026-02-02T10:46:39.826738699Z level=info msg="Migration successfully executed" id="create index UQE_dashboard_snapshot_key - v5" duration=853.372µs
grafana-1     | logger=migrator t=2026-02-02T10:46:39.833778412Z level=info msg="Executing migration" id="create index UQE_dashboard_snapshot_delete_key - v5"
grafana-1     | logger=migrator t=2026-02-02T10:46:39.834662651Z level=info msg="Migration successfully executed" id="create index UQE_dashboard_snapshot_delete_key - v5" duration=884.163µs
grafana-1     | logger=migrator t=2026-02-02T10:46:39.842783959Z level=info msg="Executing migration" id="create index IDX_dashboard_snapshot_user_id - v5"
grafana-1     | logger=migrator t=2026-02-02T10:46:39.843913556Z level=info msg="Migration successfully executed" id="create index IDX_dashboard_snapshot_user_id - v5" duration=1.130252ms
grafana-1     | logger=migrator t=2026-02-02T10:46:39.852023193Z level=info msg="Executing migration" id="alter dashboard_snapshot to mediumtext v2"
grafana-1     | logger=migrator t=2026-02-02T10:46:39.852072626Z level=info msg="Migration successfully executed" id="alter dashboard_snapshot to mediumtext v2" duration=51.62µs
grafana-1     | logger=migrator t=2026-02-02T10:46:39.860137254Z level=info msg="Executing migration" id="Update dashboard_snapshot table charset"
grafana-1     | logger=migrator t=2026-02-02T10:46:39.860208834Z level=info msg="Migration successfully executed" id="Update dashboard_snapshot table charset" duration=73.605µs
grafana-1     | logger=migrator t=2026-02-02T10:46:39.868986197Z level=info msg="Executing migration" id="Add column external_delete_url to dashboard_snapshots table"
grafana-1     | logger=migrator t=2026-02-02T10:46:39.872021274Z level=info msg="Migration successfully executed" id="Add column external_delete_url to dashboard_snapshots table" duration=3.033657ms
grafana-1     | logger=migrator t=2026-02-02T10:46:39.880254955Z level=info msg="Executing migration" id="Add encrypted dashboard json column"
grafana-1     | logger=migrator t=2026-02-02T10:46:39.885158905Z level=info msg="Migration successfully executed" id="Add encrypted dashboard json column" duration=4.90032ms
grafana-1     | logger=migrator t=2026-02-02T10:46:39.894032383Z level=info msg="Executing migration" id="Change dashboard_encrypted column to MEDIUMBLOB"
grafana-1     | logger=migrator t=2026-02-02T10:46:39.894093881Z level=info msg="Migration successfully executed" id="Change dashboard_encrypted column to MEDIUMBLOB" duration=64.373µs
grafana-1     | logger=migrator t=2026-02-02T10:46:39.90377087Z level=info msg="Executing migration" id="create quota table v1"
grafana-1     | logger=migrator t=2026-02-02T10:46:39.904662159Z level=info msg="Migration successfully executed" id="create quota table v1" duration=891.061µs
grafana-1     | logger=migrator t=2026-02-02T10:46:39.913449792Z level=info msg="Executing migration" id="create index UQE_quota_org_id_user_id_target - v1"
grafana-1     | logger=migrator t=2026-02-02T10:46:39.914203784Z level=info msg="Migration successfully executed" id="create index UQE_quota_org_id_user_id_target - v1" duration=754.175µs
grafana-1     | logger=migrator t=2026-02-02T10:46:39.920822578Z level=info msg="Executing migration" id="Update quota table charset"
grafana-1     | logger=migrator t=2026-02-02T10:46:39.920873581Z level=info msg="Migration successfully executed" id="Update quota table charset" duration=52.678µs
grafana-1     | logger=migrator t=2026-02-02T10:46:39.928336557Z level=info msg="Executing migration" id="create plugin_setting table"
grafana-1     | logger=migrator t=2026-02-02T10:46:39.929310387Z level=info msg="Migration successfully executed" id="create plugin_setting table" duration=972.933µs
grafana-1     | logger=migrator t=2026-02-02T10:46:39.937578839Z level=info msg="Executing migration" id="create index UQE_plugin_setting_org_id_plugin_id - v1"
grafana-1     | logger=migrator t=2026-02-02T10:46:39.93869777Z level=info msg="Migration successfully executed" id="create index UQE_plugin_setting_org_id_plugin_id - v1" duration=1.11834ms
grafana-1     | logger=migrator t=2026-02-02T10:46:39.946237739Z level=info msg="Executing migration" id="Add column plugin_version to plugin_settings"
grafana-1     | logger=migrator t=2026-02-02T10:46:39.949379071Z level=info msg="Migration successfully executed" id="Add column plugin_version to plugin_settings" duration=3.140313ms
grafana-1     | logger=migrator t=2026-02-02T10:46:39.956225601Z level=info msg="Executing migration" id="Update plugin_setting table charset"
grafana-1     | logger=migrator t=2026-02-02T10:46:39.956296245Z level=info msg="Migration successfully executed" id="Update plugin_setting table charset" duration=72.614µs
grafana-1     | logger=migrator t=2026-02-02T10:46:39.963781729Z level=info msg="Executing migration" id="update NULL org_id to 1"
grafana-1     | logger=migrator t=2026-02-02T10:46:39.964473661Z level=info msg="Migration successfully executed" id="update NULL org_id to 1" duration=690.131µs
grafana-1     | logger=migrator t=2026-02-02T10:46:39.972153283Z level=info msg="Executing migration" id="make org_id NOT NULL and DEFAULT VALUE 1"
grafana-1     | logger=migrator t=2026-02-02T10:46:39.982725311Z level=info msg="Migration successfully executed" id="make org_id NOT NULL and DEFAULT VALUE 1" duration=10.572657ms
grafana-1     | logger=migrator t=2026-02-02T10:46:39.989670584Z level=info msg="Executing migration" id="create session table"
grafana-1     | logger=migrator t=2026-02-02T10:46:39.990527985Z level=info msg="Migration successfully executed" id="create session table" duration=856.639µs
grafana-1     | logger=migrator t=2026-02-02T10:46:39.997856398Z level=info msg="Executing migration" id="Drop old table playlist table"
grafana-1     | logger=migrator t=2026-02-02T10:46:39.998007199Z level=info msg="Migration successfully executed" id="Drop old table playlist table" duration=154.211µs
grafana-1     | logger=migrator t=2026-02-02T10:46:40.006167493Z level=info msg="Executing migration" id="Drop old table playlist_item table"
grafana-1     | logger=migrator t=2026-02-02T10:46:40.006329998Z level=info msg="Migration successfully executed" id="Drop old table playlist_item table" duration=164.654µs
grafana-1     | logger=migrator t=2026-02-02T10:46:40.015068802Z level=info msg="Executing migration" id="create playlist table v2"
grafana-1     | logger=migrator t=2026-02-02T10:46:40.015868444Z level=info msg="Migration successfully executed" id="create playlist table v2" duration=800.082µs
grafana-1     | logger=migrator t=2026-02-02T10:46:40.024360376Z level=info msg="Executing migration" id="create playlist item table v2"
grafana-1     | logger=migrator t=2026-02-02T10:46:40.024965682Z level=info msg="Migration successfully executed" id="create playlist item table v2" duration=605.133µs
grafana-1     | logger=migrator t=2026-02-02T10:46:40.031650658Z level=info msg="Executing migration" id="Update playlist table charset"
grafana-1     | logger=migrator t=2026-02-02T10:46:40.03169197Z level=info msg="Migration successfully executed" id="Update playlist table charset" duration=44.003µs
grafana-1     | logger=migrator t=2026-02-02T10:46:40.037738896Z level=info msg="Executing migration" id="Update playlist_item table charset"
grafana-1     | logger=migrator t=2026-02-02T10:46:40.037784666Z level=info msg="Migration successfully executed" id="Update playlist_item table charset" duration=47.417µs
grafana-1     | logger=migrator t=2026-02-02T10:46:40.043791974Z level=info msg="Executing migration" id="Add playlist column created_at"
grafana-1     | logger=migrator t=2026-02-02T10:46:40.045409019Z level=info msg="Migration successfully executed" id="Add playlist column created_at" duration=1.616415ms
grafana-1     | logger=migrator t=2026-02-02T10:46:40.051177687Z level=info msg="Executing migration" id="Add playlist column updated_at"
grafana-1     | logger=migrator t=2026-02-02T10:46:40.052536381Z level=info msg="Migration successfully executed" id="Add playlist column updated_at" duration=1.356499ms
grafana-1     | logger=migrator t=2026-02-02T10:46:40.058132222Z level=info msg="Executing migration" id="drop preferences table v2"
grafana-1     | logger=migrator t=2026-02-02T10:46:40.058228541Z level=info msg="Migration successfully executed" id="drop preferences table v2" duration=98.03µs
grafana-1     | logger=migrator t=2026-02-02T10:46:40.063697915Z level=info msg="Executing migration" id="drop preferences table v3"
grafana-1     | logger=migrator t=2026-02-02T10:46:40.063767383Z level=info msg="Migration successfully executed" id="drop preferences table v3" duration=68.378µs
grafana-1     | logger=migrator t=2026-02-02T10:46:40.069328114Z level=info msg="Executing migration" id="create preferences table v3"
grafana-1     | logger=migrator t=2026-02-02T10:46:40.069842394Z level=info msg="Migration successfully executed" id="create preferences table v3" duration=513.978µs
grafana-1     | logger=migrator t=2026-02-02T10:46:40.076193493Z level=info msg="Executing migration" id="Update preferences table charset"
grafana-1     | logger=migrator t=2026-02-02T10:46:40.076237969Z level=info msg="Migration successfully executed" id="Update preferences table charset" duration=46.93µs
grafana-1     | logger=migrator t=2026-02-02T10:46:40.08226177Z level=info msg="Executing migration" id="Add column team_id in preferences"
grafana-1     | logger=migrator t=2026-02-02T10:46:40.084671565Z level=info msg="Migration successfully executed" id="Add column team_id in preferences" duration=2.405962ms
grafana-1     | logger=migrator t=2026-02-02T10:46:40.090867344Z level=info msg="Executing migration" id="Update team_id column values in preferences"
grafana-1     | logger=migrator t=2026-02-02T10:46:40.091044977Z level=info msg="Migration successfully executed" id="Update team_id column values in preferences" duration=178.469µs
grafana-1     | logger=migrator t=2026-02-02T10:46:40.097652768Z level=info msg="Executing migration" id="Add column week_start in preferences"
grafana-1     | logger=migrator t=2026-02-02T10:46:40.100370517Z level=info msg="Migration successfully executed" id="Add column week_start in preferences" duration=2.717548ms
grafana-1     | logger=migrator t=2026-02-02T10:46:40.107269507Z level=info msg="Executing migration" id="Add column preferences.json_data"
grafana-1     | logger=migrator t=2026-02-02T10:46:40.109483515Z level=info msg="Migration successfully executed" id="Add column preferences.json_data" duration=2.214008ms
grafana-1     | logger=migrator t=2026-02-02T10:46:40.115537807Z level=info msg="Executing migration" id="alter preferences.json_data to mediumtext v1"
grafana-1     | logger=migrator t=2026-02-02T10:46:40.115572548Z level=info msg="Migration successfully executed" id="alter preferences.json_data to mediumtext v1" duration=36.9µs
grafana-1     | logger=migrator t=2026-02-02T10:46:40.122097503Z level=info msg="Executing migration" id="Add preferences index org_id"
grafana-1     | logger=migrator t=2026-02-02T10:46:40.122725934Z level=info msg="Migration successfully executed" id="Add preferences index org_id" duration=630.005µs
grafana-1     | logger=migrator t=2026-02-02T10:46:40.128401485Z level=info msg="Executing migration" id="Add preferences index user_id"
grafana-1     | logger=migrator t=2026-02-02T10:46:40.129212143Z level=info msg="Migration successfully executed" id="Add preferences index user_id" duration=810.944µs
grafana-1     | logger=migrator t=2026-02-02T10:46:40.134894317Z level=info msg="Executing migration" id="Add home_dashboard_uid column to preferences table"
grafana-1     | logger=migrator t=2026-02-02T10:46:40.136440135Z level=info msg="Migration successfully executed" id="Add home_dashboard_uid column to preferences table" duration=1.545965ms
grafana-1     | logger=migrator t=2026-02-02T10:46:40.142728736Z level=info msg="Executing migration" id="Add missing dashboard_uid to preferences table"
grafana-1     | logger=migrator t=2026-02-02T10:46:40.143045559Z level=info msg="Migration successfully executed" id="Add missing dashboard_uid to preferences table" duration=318.994µs
grafana-1     | logger=migrator t=2026-02-02T10:46:40.148724343Z level=info msg="Executing migration" id="create alert table v1"
grafana-1     | logger=migrator t=2026-02-02T10:46:40.149363866Z level=info msg="Migration successfully executed" id="create alert table v1" duration=639.229µs
grafana-1     | logger=migrator t=2026-02-02T10:46:40.155506239Z level=info msg="Executing migration" id="add index alert org_id & id "
grafana-1     | logger=migrator t=2026-02-02T10:46:40.156231098Z level=info msg="Migration successfully executed" id="add index alert org_id & id " duration=722.088µs
grafana-1     | logger=migrator t=2026-02-02T10:46:40.162311203Z level=info msg="Executing migration" id="add index alert state"
grafana-1     | logger=migrator t=2026-02-02T10:46:40.163018046Z level=info msg="Migration successfully executed" id="add index alert state" duration=706.645µs
grafana-1     | logger=migrator t=2026-02-02T10:46:40.169487221Z level=info msg="Executing migration" id="add index alert dashboard_id"
grafana-1     | logger=migrator t=2026-02-02T10:46:40.170301338Z level=info msg="Migration successfully executed" id="add index alert dashboard_id" duration=815.463µs
grafana-1     | logger=migrator t=2026-02-02T10:46:40.176168334Z level=info msg="Executing migration" id="Create alert_rule_tag table v1"
grafana-1     | logger=migrator t=2026-02-02T10:46:40.176587512Z level=info msg="Migration successfully executed" id="Create alert_rule_tag table v1" duration=419.088µs
grafana-1     | logger=migrator t=2026-02-02T10:46:40.183544124Z level=info msg="Executing migration" id="Add unique index alert_rule_tag.alert_id_tag_id"
grafana-1     | logger=migrator t=2026-02-02T10:46:40.184192518Z level=info msg="Migration successfully executed" id="Add unique index alert_rule_tag.alert_id_tag_id" duration=648.352µs
grafana-1     | logger=migrator t=2026-02-02T10:46:40.190609298Z level=info msg="Executing migration" id="drop index UQE_alert_rule_tag_alert_id_tag_id - v1"
grafana-1     | logger=migrator t=2026-02-02T10:46:40.191501275Z level=info msg="Migration successfully executed" id="drop index UQE_alert_rule_tag_alert_id_tag_id - v1" duration=892.033µs
grafana-1     | logger=migrator t=2026-02-02T10:46:40.198309266Z level=info msg="Executing migration" id="Rename table alert_rule_tag to alert_rule_tag_v1 - v1"
grafana-1     | logger=migrator t=2026-02-02T10:46:40.205699317Z level=info msg="Migration successfully executed" id="Rename table alert_rule_tag to alert_rule_tag_v1 - v1" duration=7.389137ms
grafana-1     | logger=migrator t=2026-02-02T10:46:40.211947377Z level=info msg="Executing migration" id="Create alert_rule_tag table v2"
grafana-1     | logger=migrator t=2026-02-02T10:46:40.212582533Z level=info msg="Migration successfully executed" id="Create alert_rule_tag table v2" duration=635.265µs
grafana-1     | logger=migrator t=2026-02-02T10:46:40.222985688Z level=info msg="Executing migration" id="create index UQE_alert_rule_tag_alert_id_tag_id - Add unique index alert_rule_tag.alert_id_tag_id V2"
grafana-1     | logger=migrator t=2026-02-02T10:46:40.223870111Z level=info msg="Migration successfully executed" id="create index UQE_alert_rule_tag_alert_id_tag_id - Add unique index alert_rule_tag.alert_id_tag_id V2" duration=885.334µs
grafana-1     | logger=migrator t=2026-02-02T10:46:40.231706957Z level=info msg="Executing migration" id="copy alert_rule_tag v1 to v2"
grafana-1     | logger=migrator t=2026-02-02T10:46:40.232009767Z level=info msg="Migration successfully executed" id="copy alert_rule_tag v1 to v2" duration=302.534µs
grafana-1     | logger=migrator t=2026-02-02T10:46:40.238209063Z level=info msg="Executing migration" id="drop table alert_rule_tag_v1"
grafana-1     | logger=migrator t=2026-02-02T10:46:40.238650013Z level=info msg="Migration successfully executed" id="drop table alert_rule_tag_v1" duration=440.292µs
grafana-1     | logger=migrator t=2026-02-02T10:46:40.244863904Z level=info msg="Executing migration" id="create alert_notification table v1"
grafana-1     | logger=migrator t=2026-02-02T10:46:40.245351758Z level=info msg="Migration successfully executed" id="create alert_notification table v1" duration=486.328µs
grafana-1     | logger=migrator t=2026-02-02T10:46:40.250893442Z level=info msg="Executing migration" id="Add column is_default"
grafana-1     | logger=migrator t=2026-02-02T10:46:40.252332747Z level=info msg="Migration successfully executed" id="Add column is_default" duration=1.438678ms
grafana-1     | logger=migrator t=2026-02-02T10:46:40.257849568Z level=info msg="Executing migration" id="Add column frequency"
grafana-1     | logger=migrator t=2026-02-02T10:46:40.259498237Z level=info msg="Migration successfully executed" id="Add column frequency" duration=1.647703ms
grafana-1     | logger=migrator t=2026-02-02T10:46:40.265884039Z level=info msg="Executing migration" id="Add column send_reminder"
grafana-1     | logger=migrator t=2026-02-02T10:46:40.267874713Z level=info msg="Migration successfully executed" id="Add column send_reminder" duration=1.98784ms
grafana-1     | logger=migrator t=2026-02-02T10:46:40.275004933Z level=info msg="Executing migration" id="Add column disable_resolve_message"
grafana-1     | logger=migrator t=2026-02-02T10:46:40.276870116Z level=info msg="Migration successfully executed" id="Add column disable_resolve_message" duration=1.877974ms
grafana-1     | logger=migrator t=2026-02-02T10:46:40.28345752Z level=info msg="Executing migration" id="add index alert_notification org_id & name"
grafana-1     | logger=migrator t=2026-02-02T10:46:40.284075634Z level=info msg="Migration successfully executed" id="add index alert_notification org_id & name" duration=618.556µs
grafana-1     | logger=migrator t=2026-02-02T10:46:40.289456688Z level=info msg="Executing migration" id="Update alert table charset"
grafana-1     | logger=migrator t=2026-02-02T10:46:40.289486808Z level=info msg="Migration successfully executed" id="Update alert table charset" duration=31.416µs
grafana-1     | logger=migrator t=2026-02-02T10:46:40.295957106Z level=info msg="Executing migration" id="Update alert_notification table charset"
grafana-1     | logger=migrator t=2026-02-02T10:46:40.296013816Z level=info msg="Migration successfully executed" id="Update alert_notification table charset" duration=59.838µs
grafana-1     | logger=migrator t=2026-02-02T10:46:40.302958321Z level=info msg="Executing migration" id="create notification_journal table v1"
grafana-1     | logger=migrator t=2026-02-02T10:46:40.303525123Z level=info msg="Migration successfully executed" id="create notification_journal table v1" duration=563.474µs
grafana-1     | logger=migrator t=2026-02-02T10:46:40.309611133Z level=info msg="Executing migration" id="add index notification_journal org_id & alert_id & notifier_id"
grafana-1     | logger=migrator t=2026-02-02T10:46:40.310246346Z level=info msg="Migration successfully executed" id="add index notification_journal org_id & alert_id & notifier_id" duration=633.833µs
grafana-1     | logger=migrator t=2026-02-02T10:46:40.315529631Z level=info msg="Executing migration" id="drop alert_notification_journal"
grafana-1     | logger=migrator t=2026-02-02T10:46:40.315980826Z level=info msg="Migration successfully executed" id="drop alert_notification_journal" duration=449.72µs
grafana-1     | logger=migrator t=2026-02-02T10:46:40.321742705Z level=info msg="Executing migration" id="create alert_notification_state table v1"
grafana-1     | logger=migrator t=2026-02-02T10:46:40.322246172Z level=info msg="Migration successfully executed" id="create alert_notification_state table v1" duration=501.794µs
grafana-1     | logger=migrator t=2026-02-02T10:46:40.327820122Z level=info msg="Executing migration" id="add index alert_notification_state org_id & alert_id & notifier_id"
grafana-1     | logger=migrator t=2026-02-02T10:46:40.328348195Z level=info msg="Migration successfully executed" id="add index alert_notification_state org_id & alert_id & notifier_id" duration=528.265µs
grafana-1     | logger=migrator t=2026-02-02T10:46:40.333806956Z level=info msg="Executing migration" id="Add for to alert table"
grafana-1     | logger=migrator t=2026-02-02T10:46:40.335961275Z level=info msg="Migration successfully executed" id="Add for to alert table" duration=2.152961ms
grafana-1     | logger=migrator t=2026-02-02T10:46:40.341869713Z level=info msg="Executing migration" id="Add column uid in alert_notification"
grafana-1     | logger=migrator t=2026-02-02T10:46:40.344522753Z level=info msg="Migration successfully executed" id="Add column uid in alert_notification" duration=2.651799ms
grafana-1     | logger=migrator t=2026-02-02T10:46:40.350611319Z level=info msg="Executing migration" id="Update uid column values in alert_notification"
grafana-1     | logger=migrator t=2026-02-02T10:46:40.350829571Z level=info msg="Migration successfully executed" id="Update uid column values in alert_notification" duration=218.945µs
grafana-1     | logger=migrator t=2026-02-02T10:46:40.357389512Z level=info msg="Executing migration" id="Add unique index alert_notification_org_id_uid"
grafana-1     | logger=migrator t=2026-02-02T10:46:40.358366704Z level=info msg="Migration successfully executed" id="Add unique index alert_notification_org_id_uid" duration=972.034µs
grafana-1     | logger=migrator t=2026-02-02T10:46:40.364915308Z level=info msg="Executing migration" id="Remove unique index org_id_name"
grafana-1     | logger=migrator t=2026-02-02T10:46:40.365790896Z level=info msg="Migration successfully executed" id="Remove unique index org_id_name" duration=874.577µs
grafana-1     | logger=migrator t=2026-02-02T10:46:40.373443684Z level=info msg="Executing migration" id="Add column secure_settings in alert_notification"
grafana-1     | logger=migrator t=2026-02-02T10:46:40.376485396Z level=info msg="Migration successfully executed" id="Add column secure_settings in alert_notification" duration=3.043639ms
grafana-1     | logger=migrator t=2026-02-02T10:46:40.382908821Z level=info msg="Executing migration" id="alter alert.settings to mediumtext"
grafana-1     | logger=migrator t=2026-02-02T10:46:40.382952904Z level=info msg="Migration successfully executed" id="alter alert.settings to mediumtext" duration=46.901µs
grafana-1     | logger=migrator t=2026-02-02T10:46:40.394627116Z level=info msg="Executing migration" id="Add non-unique index alert_notification_state_alert_id"
grafana-1     | logger=migrator t=2026-02-02T10:46:40.395241534Z level=info msg="Migration successfully executed" id="Add non-unique index alert_notification_state_alert_id" duration=616.098µs
grafana-1     | logger=migrator t=2026-02-02T10:46:40.404954982Z level=info msg="Executing migration" id="Add non-unique index alert_rule_tag_alert_id"
grafana-1     | logger=migrator t=2026-02-02T10:46:40.405466636Z level=info msg="Migration successfully executed" id="Add non-unique index alert_rule_tag_alert_id" duration=511.936µs
grafana-1     | logger=migrator t=2026-02-02T10:46:40.412952637Z level=info msg="Executing migration" id="Drop old annotation table v4"
grafana-1     | logger=migrator t=2026-02-02T10:46:40.413026592Z level=info msg="Migration successfully executed" id="Drop old annotation table v4" duration=75.596µs
grafana-1     | logger=migrator t=2026-02-02T10:46:40.423371627Z level=info msg="Executing migration" id="create annotation table v5"
grafana-1     | logger=migrator t=2026-02-02T10:46:40.423937455Z level=info msg="Migration successfully executed" id="create annotation table v5" duration=563.35µs
grafana-1     | logger=migrator t=2026-02-02T10:46:40.433772154Z level=info msg="Executing migration" id="add index annotation 0 v3"
grafana-1     | logger=migrator t=2026-02-02T10:46:40.434431397Z level=info msg="Migration successfully executed" id="add index annotation 0 v3" duration=658.768µs
grafana-1     | logger=migrator t=2026-02-02T10:46:40.44663911Z level=info msg="Executing migration" id="add index annotation 1 v3"
grafana-1     | logger=migrator t=2026-02-02T10:46:40.447231434Z level=info msg="Migration successfully executed" id="add index annotation 1 v3" duration=591.927µs
grafana-1     | logger=migrator t=2026-02-02T10:46:40.462676262Z level=info msg="Executing migration" id="add index annotation 2 v3"
grafana-1     | logger=migrator t=2026-02-02T10:46:40.46365385Z level=info msg="Migration successfully executed" id="add index annotation 2 v3" duration=974.218µs
grafana-1     | logger=migrator t=2026-02-02T10:46:40.481026743Z level=info msg="Executing migration" id="add index annotation 3 v3"
grafana-1     | logger=migrator t=2026-02-02T10:46:40.482421543Z level=info msg="Migration successfully executed" id="add index annotation 3 v3" duration=1.393982ms
grafana-1     | logger=migrator t=2026-02-02T10:46:40.492355617Z level=info msg="Executing migration" id="add index annotation 4 v3"
grafana-1     | logger=migrator t=2026-02-02T10:46:40.493110096Z level=info msg="Migration successfully executed" id="add index annotation 4 v3" duration=752.129µs
grafana-1     | logger=migrator t=2026-02-02T10:46:40.501108579Z level=info msg="Executing migration" id="Update annotation table charset"
grafana-1     | logger=migrator t=2026-02-02T10:46:40.501138305Z level=info msg="Migration successfully executed" id="Update annotation table charset" duration=30.868µs
grafana-1     | logger=migrator t=2026-02-02T10:46:40.509078296Z level=info msg="Executing migration" id="Add column region_id to annotation table"
grafana-1     | logger=migrator t=2026-02-02T10:46:40.510996807Z level=info msg="Migration successfully executed" id="Add column region_id to annotation table" duration=1.918478ms
grafana-1     | logger=migrator t=2026-02-02T10:46:40.525100569Z level=info msg="Executing migration" id="Drop category_id index"
grafana-1     | logger=migrator t=2026-02-02T10:46:40.525708355Z level=info msg="Migration successfully executed" id="Drop category_id index" duration=606.203µs
grafana-1     | logger=migrator t=2026-02-02T10:46:40.537791826Z level=info msg="Executing migration" id="Add column tags to annotation table"
grafana-1     | logger=migrator t=2026-02-02T10:46:40.540347169Z level=info msg="Migration successfully executed" id="Add column tags to annotation table" duration=2.551101ms
grafana-1     | logger=migrator t=2026-02-02T10:46:40.547169523Z level=info msg="Executing migration" id="Create annotation_tag table v2"
grafana-1     | logger=migrator t=2026-02-02T10:46:40.547718382Z level=info msg="Migration successfully executed" id="Create annotation_tag table v2" duration=549.301µs
grafana-1     | logger=migrator t=2026-02-02T10:46:40.554370262Z level=info msg="Executing migration" id="Add unique index annotation_tag.annotation_id_tag_id"
grafana-1     | logger=migrator t=2026-02-02T10:46:40.555632171Z level=info msg="Migration successfully executed" id="Add unique index annotation_tag.annotation_id_tag_id" duration=1.261604ms
grafana-1     | logger=migrator t=2026-02-02T10:46:40.561826227Z level=info msg="Executing migration" id="drop index UQE_annotation_tag_annotation_id_tag_id - v2"
grafana-1     | logger=migrator t=2026-02-02T10:46:40.562458026Z level=info msg="Migration successfully executed" id="drop index UQE_annotation_tag_annotation_id_tag_id - v2" duration=629.513µs
grafana-1     | logger=migrator t=2026-02-02T10:46:40.569127526Z level=info msg="Executing migration" id="Rename table annotation_tag to annotation_tag_v2 - v2"
grafana-1     | logger=migrator t=2026-02-02T10:46:40.574790668Z level=info msg="Migration successfully executed" id="Rename table annotation_tag to annotation_tag_v2 - v2" duration=5.662793ms
grafana-1     | logger=migrator t=2026-02-02T10:46:40.581017366Z level=info msg="Executing migration" id="Create annotation_tag table v3"
grafana-1     | logger=migrator t=2026-02-02T10:46:40.581494352Z level=info msg="Migration successfully executed" id="Create annotation_tag table v3" duration=478.27µs
grafana-1     | logger=migrator t=2026-02-02T10:46:40.58796842Z level=info msg="Executing migration" id="create index UQE_annotation_tag_annotation_id_tag_id - Add unique index annotation_tag.annotation_id_tag_id V3"
grafana-1     | logger=migrator t=2026-02-02T10:46:40.588618962Z level=info msg="Migration successfully executed" id="create index UQE_annotation_tag_annotation_id_tag_id - Add unique index annotation_tag.annotation_id_tag_id V3" duration=653.213µs
grafana-1     | logger=migrator t=2026-02-02T10:46:40.594214773Z level=info msg="Executing migration" id="copy annotation_tag v2 to v3"
grafana-1     | logger=migrator t=2026-02-02T10:46:40.594539923Z level=info msg="Migration successfully executed" id="copy annotation_tag v2 to v3" duration=323.025µs
grafana-1     | logger=migrator t=2026-02-02T10:46:40.60063594Z level=info msg="Executing migration" id="drop table annotation_tag_v2"
grafana-1     | logger=migrator t=2026-02-02T10:46:40.601103749Z level=info msg="Migration successfully executed" id="drop table annotation_tag_v2" duration=468.029µs
grafana-1     | logger=migrator t=2026-02-02T10:46:40.606952741Z level=info msg="Executing migration" id="Update alert annotations and set TEXT to empty"
grafana-1     | logger=migrator t=2026-02-02T10:46:40.607277833Z level=info msg="Migration successfully executed" id="Update alert annotations and set TEXT to empty" duration=325.259µs
grafana-1     | logger=migrator t=2026-02-02T10:46:40.612931009Z level=info msg="Executing migration" id="Add created time to annotation table"
grafana-1     | logger=migrator t=2026-02-02T10:46:40.614841352Z level=info msg="Migration successfully executed" id="Add created time to annotation table" duration=1.910481ms
grafana-1     | logger=migrator t=2026-02-02T10:46:40.620965945Z level=info msg="Executing migration" id="Add updated time to annotation table"
grafana-1     | logger=migrator t=2026-02-02T10:46:40.623960893Z level=info msg="Migration successfully executed" id="Add updated time to annotation table" duration=2.994387ms
grafana-1     | logger=migrator t=2026-02-02T10:46:40.630447604Z level=info msg="Executing migration" id="Add index for created in annotation table"
grafana-1     | logger=migrator t=2026-02-02T10:46:40.630992501Z level=info msg="Migration successfully executed" id="Add index for created in annotation table" duration=545.309µs
grafana-1     | logger=migrator t=2026-02-02T10:46:40.636566907Z level=info msg="Executing migration" id="Add index for updated in annotation table"
grafana-1     | logger=migrator t=2026-02-02T10:46:40.637087523Z level=info msg="Migration successfully executed" id="Add index for updated in annotation table" duration=523.703µs
grafana-1     | logger=migrator t=2026-02-02T10:46:40.642866573Z level=info msg="Executing migration" id="Convert existing annotations from seconds to milliseconds"
grafana-1     | logger=migrator t=2026-02-02T10:46:40.643083637Z level=info msg="Migration successfully executed" id="Convert existing annotations from seconds to milliseconds" duration=218.116µs
grafana-1     | logger=migrator t=2026-02-02T10:46:40.648794053Z level=info msg="Executing migration" id="Add epoch_end column"
grafana-1     | logger=migrator t=2026-02-02T10:46:40.651232384Z level=info msg="Migration successfully executed" id="Add epoch_end column" duration=2.437543ms
grafana-1     | logger=migrator t=2026-02-02T10:46:40.657265431Z level=info msg="Executing migration" id="Add index for epoch_end"
grafana-1     | logger=migrator t=2026-02-02T10:46:40.658140731Z level=info msg="Migration successfully executed" id="Add index for epoch_end" duration=872.475µs
grafana-1     | logger=migrator t=2026-02-02T10:46:40.664566765Z level=info msg="Executing migration" id="Make epoch_end the same as epoch"
grafana-1     | logger=migrator t=2026-02-02T10:46:40.664783652Z level=info msg="Migration successfully executed" id="Make epoch_end the same as epoch" duration=217.729µs
grafana-1     | logger=migrator t=2026-02-02T10:46:40.673026385Z level=info msg="Executing migration" id="Move region to single row"
grafana-1     | logger=migrator t=2026-02-02T10:46:40.673565527Z level=info msg="Migration successfully executed" id="Move region to single row" duration=542.738µs
grafana-1     | logger=migrator t=2026-02-02T10:46:40.68093223Z level=info msg="Executing migration" id="Remove index org_id_epoch from annotation table"
grafana-1     | logger=migrator t=2026-02-02T10:46:40.682201964Z level=info msg="Migration successfully executed" id="Remove index org_id_epoch from annotation table" duration=1.267972ms
grafana-1     | logger=migrator t=2026-02-02T10:46:40.689760668Z level=info msg="Executing migration" id="Remove index org_id_dashboard_id_panel_id_epoch from annotation table"
grafana-1     | logger=migrator t=2026-02-02T10:46:40.691097122Z level=info msg="Migration successfully executed" id="Remove index org_id_dashboard_id_panel_id_epoch from annotation table" duration=1.335116ms
grafana-1     | logger=migrator t=2026-02-02T10:46:40.69921367Z level=info msg="Executing migration" id="Add index for org_id_dashboard_id_epoch_end_epoch on annotation table"
grafana-1     | logger=migrator t=2026-02-02T10:46:40.700470239Z level=info msg="Migration successfully executed" id="Add index for org_id_dashboard_id_epoch_end_epoch on annotation table" duration=1.255069ms
grafana-1     | logger=migrator t=2026-02-02T10:46:40.708047763Z level=info msg="Executing migration" id="Add index for org_id_epoch_end_epoch on annotation table"
grafana-1     | logger=migrator t=2026-02-02T10:46:40.708770356Z level=info msg="Migration successfully executed" id="Add index for org_id_epoch_end_epoch on annotation table" duration=723.998µs
grafana-1     | logger=migrator t=2026-02-02T10:46:40.714502473Z level=info msg="Executing migration" id="Remove index org_id_epoch_epoch_end from annotation table"
grafana-1     | logger=migrator t=2026-02-02T10:46:40.71510805Z level=info msg="Migration successfully executed" id="Remove index org_id_epoch_epoch_end from annotation table" duration=607.277µs
grafana-1     | logger=migrator t=2026-02-02T10:46:40.721414952Z level=info msg="Executing migration" id="Add index for alert_id on annotation table"
grafana-1     | logger=migrator t=2026-02-02T10:46:40.722475469Z level=info msg="Migration successfully executed" id="Add index for alert_id on annotation table" duration=1.059648ms
grafana-1     | logger=migrator t=2026-02-02T10:46:40.72930601Z level=info msg="Executing migration" id="Increase tags column to length 4096"
grafana-1     | logger=migrator t=2026-02-02T10:46:40.729354583Z level=info msg="Migration successfully executed" id="Increase tags column to length 4096" duration=50.944µs
grafana-1     | logger=migrator t=2026-02-02T10:46:40.737125758Z level=info msg="Executing migration" id="Increase prev_state column to length 40 not null"
grafana-1     | logger=migrator t=2026-02-02T10:46:40.737180894Z level=info msg="Migration successfully executed" id="Increase prev_state column to length 40 not null" duration=54.732µs
grafana-1     | logger=migrator t=2026-02-02T10:46:40.744662784Z level=info msg="Executing migration" id="Increase new_state column to length 40 not null"
grafana-1     | logger=migrator t=2026-02-02T10:46:40.74470965Z level=info msg="Migration successfully executed" id="Increase new_state column to length 40 not null" duration=48.782µs
grafana-1     | logger=migrator t=2026-02-02T10:46:40.751447881Z level=info msg="Executing migration" id="Add dashboard_uid column to annotation table"
grafana-1     | logger=migrator t=2026-02-02T10:46:40.75600254Z level=info msg="Migration successfully executed" id="Add dashboard_uid column to annotation table" duration=4.552528ms
grafana-1     | logger=migrator t=2026-02-02T10:46:40.763777421Z level=info msg="Executing migration" id="Add missing dashboard_uid to annotation table"
grafana-1     | logger=migrator t=2026-02-02T10:46:40.763859255Z level=info msg="Starting batched dashboard_uid migration for annotations (newest first)" batchSize=5000
grafana-1     | logger=migrator t=2026-02-02T10:46:40.765199573Z level=info msg="Completed dashboard_uid migration for annotations" totalUpdated=0
grafana-1     | logger=migrator t=2026-02-02T10:46:40.765299015Z level=info msg="Migration successfully executed" id="Add missing dashboard_uid to annotation table" duration=1.521709ms
grafana-1     | logger=migrator t=2026-02-02T10:46:40.773980151Z level=info msg="Executing migration" id="create test_data table"
grafana-1     | logger=migrator t=2026-02-02T10:46:40.775278971Z level=info msg="Migration successfully executed" id="create test_data table" duration=1.297543ms
grafana-1     | logger=migrator t=2026-02-02T10:46:40.784169706Z level=info msg="Executing migration" id="create dashboard_version table v1"
grafana-1     | logger=migrator t=2026-02-02T10:46:40.785520615Z level=info msg="Migration successfully executed" id="create dashboard_version table v1" duration=1.349104ms
grafana-1     | logger=migrator t=2026-02-02T10:46:40.794056634Z level=info msg="Executing migration" id="add index dashboard_version.dashboard_id"
grafana-1     | logger=migrator t=2026-02-02T10:46:40.795426516Z level=info msg="Migration successfully executed" id="add index dashboard_version.dashboard_id" duration=1.36895ms
grafana-1     | logger=migrator t=2026-02-02T10:46:40.803495456Z level=info msg="Executing migration" id="add unique index dashboard_version.dashboard_id and dashboard_version.version"
grafana-1     | logger=migrator t=2026-02-02T10:46:40.804952098Z level=info msg="Migration successfully executed" id="add unique index dashboard_version.dashboard_id and dashboard_version.version" duration=1.45759ms
grafana-1     | logger=migrator t=2026-02-02T10:46:40.813198186Z level=info msg="Executing migration" id="Set dashboard version to 1 where 0"
grafana-1     | logger=migrator t=2026-02-02T10:46:40.813588762Z level=info msg="Migration successfully executed" id="Set dashboard version to 1 where 0" duration=397.041µs
grafana-1     | logger=migrator t=2026-02-02T10:46:40.82287867Z level=info msg="Executing migration" id="save existing dashboard data in dashboard_version table v1"
grafana-1     | logger=migrator t=2026-02-02T10:46:40.823562154Z level=info msg="Migration successfully executed" id="save existing dashboard data in dashboard_version table v1" duration=677.734µs
grafana-1     | logger=migrator t=2026-02-02T10:46:40.831442606Z level=info msg="Executing migration" id="alter dashboard_version.data to mediumtext v1"
grafana-1     | logger=migrator t=2026-02-02T10:46:40.831487471Z level=info msg="Migration successfully executed" id="alter dashboard_version.data to mediumtext v1" duration=47.116µs
grafana-1     | logger=migrator t=2026-02-02T10:46:40.839029437Z level=info msg="Executing migration" id="Add apiVersion for dashboard_version"
grafana-1     | logger=migrator t=2026-02-02T10:46:40.844524824Z level=info msg="Migration successfully executed" id="Add apiVersion for dashboard_version" duration=5.491058ms
grafana-1     | logger=migrator t=2026-02-02T10:46:40.852981256Z level=info msg="Executing migration" id="create team table"
grafana-1     | logger=migrator t=2026-02-02T10:46:40.853714013Z level=info msg="Migration successfully executed" id="create team table" duration=731.885µs
grafana-1     | logger=migrator t=2026-02-02T10:46:40.861180088Z level=info msg="Executing migration" id="add index team.org_id"
grafana-1     | logger=migrator t=2026-02-02T10:46:40.862107479Z level=info msg="Migration successfully executed" id="add index team.org_id" duration=925.964µs
grafana-1     | logger=migrator t=2026-02-02T10:46:40.868730453Z level=info msg="Executing migration" id="add unique index team_org_id_name"
grafana-1     | logger=migrator t=2026-02-02T10:46:40.869953232Z level=info msg="Migration successfully executed" id="add unique index team_org_id_name" duration=1.22182ms
grafana-1     | logger=migrator t=2026-02-02T10:46:40.877733268Z level=info msg="Executing migration" id="Add column uid in team"
grafana-1     | logger=migrator t=2026-02-02T10:46:40.881296689Z level=info msg="Migration successfully executed" id="Add column uid in team" duration=3.562763ms
grafana-1     | logger=migrator t=2026-02-02T10:46:40.888049764Z level=info msg="Executing migration" id="Update uid column values in team"
grafana-1     | logger=migrator t=2026-02-02T10:46:40.888345097Z level=info msg="Migration successfully executed" id="Update uid column values in team" duration=296.289µs
grafana-1     | logger=migrator t=2026-02-02T10:46:40.895853141Z level=info msg="Executing migration" id="Add unique index team_org_id_uid"
grafana-1     | logger=migrator t=2026-02-02T10:46:40.897263711Z level=info msg="Migration successfully executed" id="Add unique index team_org_id_uid" duration=1.409822ms
grafana-1     | logger=migrator t=2026-02-02T10:46:40.905891174Z level=info msg="Executing migration" id="Add column external_uid in team"
grafana-1     | logger=migrator t=2026-02-02T10:46:40.910646746Z level=info msg="Migration successfully executed" id="Add column external_uid in team" duration=4.758683ms
grafana-1     | logger=migrator t=2026-02-02T10:46:40.918619021Z level=info msg="Executing migration" id="Add column is_provisioned in team"
grafana-1     | logger=migrator t=2026-02-02T10:46:40.923963606Z level=info msg="Migration successfully executed" id="Add column is_provisioned in team" duration=5.347139ms
grafana-1     | logger=migrator t=2026-02-02T10:46:40.931656941Z level=info msg="Executing migration" id="create team member table"
grafana-1     | logger=migrator t=2026-02-02T10:46:40.93243051Z level=info msg="Migration successfully executed" id="create team member table" duration=772.997µs
grafana-1     | logger=migrator t=2026-02-02T10:46:40.939705909Z level=info msg="Executing migration" id="add index team_member.org_id"
grafana-1     | logger=migrator t=2026-02-02T10:46:40.940856995Z level=info msg="Migration successfully executed" id="add index team_member.org_id" duration=1.150399ms
grafana-1     | logger=migrator t=2026-02-02T10:46:40.948826959Z level=info msg="Executing migration" id="add unique index team_member_org_id_team_id_user_id"
grafana-1     | logger=migrator t=2026-02-02T10:46:40.950392811Z level=info msg="Migration successfully executed" id="add unique index team_member_org_id_team_id_user_id" duration=1.565978ms
grafana-1     | logger=migrator t=2026-02-02T10:46:40.959243789Z level=info msg="Executing migration" id="add index team_member.team_id"
grafana-1     | logger=migrator t=2026-02-02T10:46:40.960783883Z level=info msg="Migration successfully executed" id="add index team_member.team_id" duration=1.53859ms
grafana-1     | logger=migrator t=2026-02-02T10:46:40.97133769Z level=info msg="Executing migration" id="Add column email to team table"
grafana-1     | logger=migrator t=2026-02-02T10:46:40.976860093Z level=info msg="Migration successfully executed" id="Add column email to team table" duration=5.521087ms
grafana-1     | logger=migrator t=2026-02-02T10:46:40.984771422Z level=info msg="Executing migration" id="Add column external to team_member table"
grafana-1     | logger=migrator t=2026-02-02T10:46:40.989830537Z level=info msg="Migration successfully executed" id="Add column external to team_member table" duration=5.050474ms
grafana-1     | logger=migrator t=2026-02-02T10:46:40.997347034Z level=info msg="Executing migration" id="Add column permission to team_member table"
grafana-1     | logger=migrator t=2026-02-02T10:46:41.002315944Z level=info msg="Migration successfully executed" id="Add column permission to team_member table" duration=4.968226ms
grafana-1     | logger=migrator t=2026-02-02T10:46:41.009826093Z level=info msg="Executing migration" id="add unique index team_member_user_id_org_id"
grafana-1     | logger=migrator t=2026-02-02T10:46:41.011420475Z level=info msg="Migration successfully executed" id="add unique index team_member_user_id_org_id" duration=1.59235ms
grafana-1     | logger=migrator t=2026-02-02T10:46:41.019414773Z level=info msg="Executing migration" id="Add column uid in team_member"
grafana-1     | logger=migrator t=2026-02-02T10:46:41.024835298Z level=info msg="Migration successfully executed" id="Add column uid in team_member" duration=5.416542ms
grafana-1     | logger=migrator t=2026-02-02T10:46:41.033808019Z level=info msg="Executing migration" id="Update uid column values in team_member"
grafana-1     | logger=migrator t=2026-02-02T10:46:41.035315859Z level=info msg="Migration successfully executed" id="Update uid column values in team_member" duration=1.507047ms
grafana-1     | logger=migrator t=2026-02-02T10:46:41.044503639Z level=info msg="Executing migration" id="Add unique index team_member_uid"
grafana-1     | logger=migrator t=2026-02-02T10:46:41.045746512Z level=info msg="Migration successfully executed" id="Add unique index team_member_uid" duration=1.242794ms
grafana-1     | logger=migrator t=2026-02-02T10:46:41.054094887Z level=info msg="Executing migration" id="create dashboard acl table"
grafana-1     | logger=migrator t=2026-02-02T10:46:41.055035561Z level=info msg="Migration successfully executed" id="create dashboard acl table" duration=939.285µs
grafana-1     | logger=migrator t=2026-02-02T10:46:41.0628471Z level=info msg="Executing migration" id="add index dashboard_acl_dashboard_id"
grafana-1     | logger=migrator t=2026-02-02T10:46:41.063686883Z level=info msg="Migration successfully executed" id="add index dashboard_acl_dashboard_id" duration=840.284µs
grafana-1     | logger=migrator t=2026-02-02T10:46:41.069484988Z level=info msg="Executing migration" id="add unique index dashboard_acl_dashboard_id_user_id"
grafana-1     | logger=migrator t=2026-02-02T10:46:41.069973615Z level=info msg="Migration successfully executed" id="add unique index dashboard_acl_dashboard_id_user_id" duration=486.815µs
grafana-1     | logger=migrator t=2026-02-02T10:46:41.075945052Z level=info msg="Executing migration" id="add unique index dashboard_acl_dashboard_id_team_id"
grafana-1     | logger=migrator t=2026-02-02T10:46:41.076513316Z level=info msg="Migration successfully executed" id="add unique index dashboard_acl_dashboard_id_team_id" duration=567.545µs
grafana-1     | logger=migrator t=2026-02-02T10:46:41.082143234Z level=info msg="Executing migration" id="add index dashboard_acl_user_id"
grafana-1     | logger=migrator t=2026-02-02T10:46:41.082765683Z level=info msg="Migration successfully executed" id="add index dashboard_acl_user_id" duration=622.967µs
grafana-1     | logger=migrator t=2026-02-02T10:46:41.089089093Z level=info msg="Executing migration" id="add index dashboard_acl_team_id"
grafana-1     | logger=migrator t=2026-02-02T10:46:41.089788971Z level=info msg="Migration successfully executed" id="add index dashboard_acl_team_id" duration=699.854µs
grafana-1     | logger=migrator t=2026-02-02T10:46:41.096035601Z level=info msg="Executing migration" id="add index dashboard_acl_org_id_role"
grafana-1     | logger=migrator t=2026-02-02T10:46:41.096829124Z level=info msg="Migration successfully executed" id="add index dashboard_acl_org_id_role" duration=793.253µs
grafana-1     | logger=migrator t=2026-02-02T10:46:41.102995454Z level=info msg="Executing migration" id="add index dashboard_permission"
grafana-1     | logger=migrator t=2026-02-02T10:46:41.103799859Z level=info msg="Migration successfully executed" id="add index dashboard_permission" duration=805.74µs
grafana-1     | logger=migrator t=2026-02-02T10:46:41.110072744Z level=info msg="Executing migration" id="save default acl rules in dashboard_acl table"
grafana-1     | logger=migrator t=2026-02-02T10:46:41.110507083Z level=info msg="Migration successfully executed" id="save default acl rules in dashboard_acl table" duration=431.589µs
grafana-1     | logger=migrator t=2026-02-02T10:46:41.116222589Z level=info msg="Executing migration" id="delete acl rules for deleted dashboards and folders"
grafana-1     | logger=migrator t=2026-02-02T10:46:41.116436518Z level=info msg="Migration successfully executed" id="delete acl rules for deleted dashboards and folders" duration=215.975µs
grafana-1     | logger=migrator t=2026-02-02T10:46:41.122072085Z level=info msg="Executing migration" id="create tag table"
grafana-1     | logger=migrator t=2026-02-02T10:46:41.122575044Z level=info msg="Migration successfully executed" id="create tag table" duration=503.494µs
grafana-1     | logger=migrator t=2026-02-02T10:46:41.128558906Z level=info msg="Executing migration" id="add index tag.key_value"
grafana-1     | logger=migrator t=2026-02-02T10:46:41.129147522Z level=info msg="Migration successfully executed" id="add index tag.key_value" duration=591.92µs
grafana-1     | logger=migrator t=2026-02-02T10:46:41.13486898Z level=info msg="Executing migration" id="create login attempt table"
grafana-1     | logger=migrator t=2026-02-02T10:46:41.135426963Z level=info msg="Migration successfully executed" id="create login attempt table" duration=557.406µs
grafana-1     | logger=migrator t=2026-02-02T10:46:41.14128988Z level=info msg="Executing migration" id="add index login_attempt.username"
grafana-1     | logger=migrator t=2026-02-02T10:46:41.141919546Z level=info msg="Migration successfully executed" id="add index login_attempt.username" duration=641.491µs
grafana-1     | logger=migrator t=2026-02-02T10:46:41.147454262Z level=info msg="Executing migration" id="drop index IDX_login_attempt_username - v1"
grafana-1     | logger=migrator t=2026-02-02T10:46:41.148048323Z level=info msg="Migration successfully executed" id="drop index IDX_login_attempt_username - v1" duration=592.179µs
grafana-1     | logger=migrator t=2026-02-02T10:46:41.153482473Z level=info msg="Executing migration" id="Rename table login_attempt to login_attempt_tmp_qwerty - v1"
grafana-1     | logger=migrator t=2026-02-02T10:46:41.158319447Z level=info msg="Migration successfully executed" id="Rename table login_attempt to login_attempt_tmp_qwerty - v1" duration=4.836109ms
grafana-1     | logger=migrator t=2026-02-02T10:46:41.164549117Z level=info msg="Executing migration" id="create login_attempt v2"
grafana-1     | logger=migrator t=2026-02-02T10:46:41.165069674Z level=info msg="Migration successfully executed" id="create login_attempt v2" duration=520.874µs
grafana-1     | logger=migrator t=2026-02-02T10:46:41.170420331Z level=info msg="Executing migration" id="create index IDX_login_attempt_username - v2"
grafana-1     | logger=migrator t=2026-02-02T10:46:41.170993731Z level=info msg="Migration successfully executed" id="create index IDX_login_attempt_username - v2" duration=574.305µs
grafana-1     | logger=migrator t=2026-02-02T10:46:41.17673402Z level=info msg="Executing migration" id="copy login_attempt v1 to v2"
grafana-1     | logger=migrator t=2026-02-02T10:46:41.176966326Z level=info msg="Migration successfully executed" id="copy login_attempt v1 to v2" duration=228.918µs
grafana-1     | logger=migrator t=2026-02-02T10:46:41.182615926Z level=info msg="Executing migration" id="drop login_attempt_tmp_qwerty"
grafana-1     | logger=migrator t=2026-02-02T10:46:41.183049561Z level=info msg="Migration successfully executed" id="drop login_attempt_tmp_qwerty" duration=430.629µs
grafana-1     | logger=migrator t=2026-02-02T10:46:41.188771359Z level=info msg="Executing migration" id="increase login_attempt.ip_address column length for IPv6 support"
grafana-1     | logger=migrator t=2026-02-02T10:46:41.18879853Z level=info msg="Migration successfully executed" id="increase login_attempt.ip_address column length for IPv6 support" duration=28.374µs
grafana-1     | logger=migrator t=2026-02-02T10:46:41.194799455Z level=info msg="Executing migration" id="alter table login_attempt alter column created type to bigint"
grafana-1     | logger=migrator t=2026-02-02T10:46:41.194828758Z level=info msg="Migration successfully executed" id="alter table login_attempt alter column created type to bigint" duration=30.826µs
grafana-1     | logger=migrator t=2026-02-02T10:46:41.201119806Z level=info msg="Executing migration" id="create user auth table"
grafana-1     | logger=migrator t=2026-02-02T10:46:41.201766504Z level=info msg="Migration successfully executed" id="create user auth table" duration=645.903µs
grafana-1     | logger=migrator t=2026-02-02T10:46:41.207866426Z level=info msg="Executing migration" id="create index IDX_user_auth_auth_module_auth_id - v1"
grafana-1     | logger=migrator t=2026-02-02T10:46:41.208520508Z level=info msg="Migration successfully executed" id="create index IDX_user_auth_auth_module_auth_id - v1" duration=653.672µs
grafana-1     | logger=migrator t=2026-02-02T10:46:41.214046731Z level=info msg="Executing migration" id="alter user_auth.auth_id to length 190"
grafana-1     | logger=migrator t=2026-02-02T10:46:41.214073378Z level=info msg="Migration successfully executed" id="alter user_auth.auth_id to length 190" duration=24.916µs
grafana-1     | logger=migrator t=2026-02-02T10:46:41.219759464Z level=info msg="Executing migration" id="Add OAuth access token to user_auth"
grafana-1     | logger=migrator t=2026-02-02T10:46:41.222497033Z level=info msg="Migration successfully executed" id="Add OAuth access token to user_auth" duration=2.747876ms
grafana-1     | logger=migrator t=2026-02-02T10:46:41.228248541Z level=info msg="Executing migration" id="Add OAuth refresh token to user_auth"
grafana-1     | logger=migrator t=2026-02-02T10:46:41.231202296Z level=info msg="Migration successfully executed" id="Add OAuth refresh token to user_auth" duration=2.952542ms
grafana-1     | logger=migrator t=2026-02-02T10:46:41.237391001Z level=info msg="Executing migration" id="Add OAuth token type to user_auth"
grafana-1     | logger=migrator t=2026-02-02T10:46:41.24073993Z level=info msg="Migration successfully executed" id="Add OAuth token type to user_auth" duration=3.346295ms
grafana-1     | logger=migrator t=2026-02-02T10:46:41.24744536Z level=info msg="Executing migration" id="Add OAuth expiry to user_auth"
grafana-1     | logger=migrator t=2026-02-02T10:46:41.251090696Z level=info msg="Migration successfully executed" id="Add OAuth expiry to user_auth" duration=3.644274ms
grafana-1     | logger=migrator t=2026-02-02T10:46:41.258619355Z level=info msg="Executing migration" id="Add index to user_id column in user_auth"
grafana-1     | logger=migrator t=2026-02-02T10:46:41.259529563Z level=info msg="Migration successfully executed" id="Add index to user_id column in user_auth" duration=910.294µs
grafana-1     | logger=migrator t=2026-02-02T10:46:41.266420991Z level=info msg="Executing migration" id="Add OAuth ID token to user_auth"
grafana-1     | logger=migrator t=2026-02-02T10:46:41.26961363Z level=info msg="Migration successfully executed" id="Add OAuth ID token to user_auth" duration=3.194642ms
grafana-1     | logger=migrator t=2026-02-02T10:46:41.275570985Z level=info msg="Executing migration" id="Add user_unique_id to user_auth"
grafana-1     | logger=migrator t=2026-02-02T10:46:41.278750128Z level=info msg="Migration successfully executed" id="Add user_unique_id to user_auth" duration=3.177779ms
grafana-1     | logger=migrator t=2026-02-02T10:46:41.285302294Z level=info msg="Executing migration" id="create server_lock table"
grafana-1     | logger=migrator t=2026-02-02T10:46:41.286064405Z level=info msg="Migration successfully executed" id="create server_lock table" duration=761.017µs
grafana-1     | logger=migrator t=2026-02-02T10:46:41.292882917Z level=info msg="Executing migration" id="add index server_lock.operation_uid"
grafana-1     | logger=migrator t=2026-02-02T10:46:41.293787638Z level=info msg="Migration successfully executed" id="add index server_lock.operation_uid" duration=903.963µs
grafana-1     | logger=migrator t=2026-02-02T10:46:41.299577949Z level=info msg="Executing migration" id="create user auth token table"
grafana-1     | logger=migrator t=2026-02-02T10:46:41.300081619Z level=info msg="Migration successfully executed" id="create user auth token table" duration=501.219µs
grafana-1     | logger=migrator t=2026-02-02T10:46:41.305711737Z level=info msg="Executing migration" id="add unique index user_auth_token.auth_token"
grafana-1     | logger=migrator t=2026-02-02T10:46:41.306197886Z level=info msg="Migration successfully executed" id="add unique index user_auth_token.auth_token" duration=485.967µs
grafana-1     | logger=migrator t=2026-02-02T10:46:41.311809221Z level=info msg="Executing migration" id="add unique index user_auth_token.prev_auth_token"
grafana-1     | logger=migrator t=2026-02-02T10:46:41.312674137Z level=info msg="Migration successfully executed" id="add unique index user_auth_token.prev_auth_token" duration=865.853µs
grafana-1     | logger=migrator t=2026-02-02T10:46:41.318175249Z level=info msg="Executing migration" id="add index user_auth_token.user_id"
grafana-1     | logger=migrator t=2026-02-02T10:46:41.318853613Z level=info msg="Migration successfully executed" id="add index user_auth_token.user_id" duration=678.365µs
grafana-1     | logger=migrator t=2026-02-02T10:46:41.324818521Z level=info msg="Executing migration" id="Add revoked_at to the user auth token"
grafana-1     | logger=migrator t=2026-02-02T10:46:41.329008215Z level=info msg="Migration successfully executed" id="Add revoked_at to the user auth token" duration=4.192459ms
grafana-1     | logger=migrator t=2026-02-02T10:46:41.336471402Z level=info msg="Executing migration" id="add index user_auth_token.revoked_at"
grafana-1     | logger=migrator t=2026-02-02T10:46:41.337627586Z level=info msg="Migration successfully executed" id="add index user_auth_token.revoked_at" duration=1.157256ms
grafana-1     | logger=migrator t=2026-02-02T10:46:41.344754093Z level=info msg="Executing migration" id="add external_session_id to user_auth_token"
grafana-1     | logger=migrator t=2026-02-02T10:46:41.349167016Z level=info msg="Migration successfully executed" id="add external_session_id to user_auth_token" duration=4.410748ms
grafana-1     | logger=migrator t=2026-02-02T10:46:41.356059972Z level=info msg="Executing migration" id="create cache_data table"
grafana-1     | logger=migrator t=2026-02-02T10:46:41.356913399Z level=info msg="Migration successfully executed" id="create cache_data table" duration=850.215µs
grafana-1     | logger=migrator t=2026-02-02T10:46:41.363956075Z level=info msg="Executing migration" id="add unique index cache_data.cache_key"
grafana-1     | logger=migrator t=2026-02-02T10:46:41.364652758Z level=info msg="Migration successfully executed" id="add unique index cache_data.cache_key" duration=696.84µs
grafana-1     | logger=migrator t=2026-02-02T10:46:41.370765028Z level=info msg="Executing migration" id="create short_url table v1"
grafana-1     | logger=migrator t=2026-02-02T10:46:41.371335488Z level=info msg="Migration successfully executed" id="create short_url table v1" duration=566.413µs
grafana-1     | logger=migrator t=2026-02-02T10:46:41.376800324Z level=info msg="Executing migration" id="add index short_url.org_id-uid"
grafana-1     | logger=migrator t=2026-02-02T10:46:41.377492132Z level=info msg="Migration successfully executed" id="add index short_url.org_id-uid" duration=688.789µs
grafana-1     | logger=migrator t=2026-02-02T10:46:41.383401034Z level=info msg="Executing migration" id="alter table short_url alter column created_by type to bigint"
grafana-1     | logger=migrator t=2026-02-02T10:46:41.38343236Z level=info msg="Migration successfully executed" id="alter table short_url alter column created_by type to bigint" duration=32.396µs
grafana-1     | logger=migrator t=2026-02-02T10:46:41.389738872Z level=info msg="Executing migration" id="delete alert_definition table"
grafana-1     | logger=migrator t=2026-02-02T10:46:41.3898579Z level=info msg="Migration successfully executed" id="delete alert_definition table" duration=120.096µs
grafana-1     | logger=migrator t=2026-02-02T10:46:41.396775276Z level=info msg="Executing migration" id="recreate alert_definition table"
grafana-1     | logger=migrator t=2026-02-02T10:46:41.397740386Z level=info msg="Migration successfully executed" id="recreate alert_definition table" duration=959.414µs
grafana-1     | logger=migrator t=2026-02-02T10:46:41.404708608Z level=info msg="Executing migration" id="add index in alert_definition on org_id and title columns"
grafana-1     | logger=migrator t=2026-02-02T10:46:41.405965665Z level=info msg="Migration successfully executed" id="add index in alert_definition on org_id and title columns" duration=1.25588ms
grafana-1     | logger=migrator t=2026-02-02T10:46:41.413171063Z level=info msg="Executing migration" id="add index in alert_definition on org_id and uid columns"
grafana-1     | logger=migrator t=2026-02-02T10:46:41.414424648Z level=info msg="Migration successfully executed" id="add index in alert_definition on org_id and uid columns" duration=1.252059ms
grafana-1     | logger=migrator t=2026-02-02T10:46:41.421523655Z level=info msg="Executing migration" id="alter alert_definition table data column to mediumtext in mysql"
grafana-1     | logger=migrator t=2026-02-02T10:46:41.42156965Z level=info msg="Migration successfully executed" id="alter alert_definition table data column to mediumtext in mysql" duration=48.636µs
grafana-1     | logger=migrator t=2026-02-02T10:46:41.42865868Z level=info msg="Executing migration" id="drop index in alert_definition on org_id and title columns"
grafana-1     | logger=migrator t=2026-02-02T10:46:41.429960106Z level=info msg="Migration successfully executed" id="drop index in alert_definition on org_id and title columns" duration=1.301437ms
grafana-1     | logger=migrator t=2026-02-02T10:46:41.437185253Z level=info msg="Executing migration" id="drop index in alert_definition on org_id and uid columns"
grafana-1     | logger=migrator t=2026-02-02T10:46:41.438218335Z level=info msg="Migration successfully executed" id="drop index in alert_definition on org_id and uid columns" duration=1.032762ms
grafana-1     | logger=migrator t=2026-02-02T10:46:41.44508462Z level=info msg="Executing migration" id="add unique index in alert_definition on org_id and title columns"
grafana-1     | logger=migrator t=2026-02-02T10:46:41.445934515Z level=info msg="Migration successfully executed" id="add unique index in alert_definition on org_id and title columns" duration=849.702µs
grafana-1     | logger=migrator t=2026-02-02T10:46:41.451974947Z level=info msg="Executing migration" id="add unique index in alert_definition on org_id and uid columns"
grafana-1     | logger=migrator t=2026-02-02T10:46:41.452700628Z level=info msg="Migration successfully executed" id="add unique index in alert_definition on org_id and uid columns" duration=725.865µs
grafana-1     | logger=migrator t=2026-02-02T10:46:41.458414827Z level=info msg="Executing migration" id="Add column paused in alert_definition"
grafana-1     | logger=migrator t=2026-02-02T10:46:41.460780165Z level=info msg="Migration successfully executed" id="Add column paused in alert_definition" duration=2.365173ms
grafana-1     | logger=migrator t=2026-02-02T10:46:41.466519401Z level=info msg="Executing migration" id="drop alert_definition table"
grafana-1     | logger=migrator t=2026-02-02T10:46:41.467026821Z level=info msg="Migration successfully executed" id="drop alert_definition table" duration=507.077µs
grafana-1     | logger=migrator t=2026-02-02T10:46:41.472682186Z level=info msg="Executing migration" id="delete alert_definition_version table"
grafana-1     | logger=migrator t=2026-02-02T10:46:41.472753022Z level=info msg="Migration successfully executed" id="delete alert_definition_version table" duration=72.057µs
grafana-1     | logger=migrator t=2026-02-02T10:46:41.478138914Z level=info msg="Executing migration" id="recreate alert_definition_version table"
grafana-1     | logger=migrator t=2026-02-02T10:46:41.478725485Z level=info msg="Migration successfully executed" id="recreate alert_definition_version table" duration=586.373µs
grafana-1     | logger=migrator t=2026-02-02T10:46:41.484510068Z level=info msg="Executing migration" id="add index in alert_definition_version table on alert_definition_id and version columns"
grafana-1     | logger=migrator t=2026-02-02T10:46:41.485194361Z level=info msg="Migration successfully executed" id="add index in alert_definition_version table on alert_definition_id and version columns" duration=672.353µs
grafana-1     | logger=migrator t=2026-02-02T10:46:41.491305728Z level=info msg="Executing migration" id="add index in alert_definition_version table on alert_definition_uid and version columns"
grafana-1     | logger=migrator t=2026-02-02T10:46:41.492019227Z level=info msg="Migration successfully executed" id="add index in alert_definition_version table on alert_definition_uid and version columns" duration=713.964µs
grafana-1     | logger=migrator t=2026-02-02T10:46:41.498411673Z level=info msg="Executing migration" id="alter alert_definition_version table data column to mediumtext in mysql"
grafana-1     | logger=migrator t=2026-02-02T10:46:41.498441642Z level=info msg="Migration successfully executed" id="alter alert_definition_version table data column to mediumtext in mysql" duration=31.778µs
grafana-1     | logger=migrator t=2026-02-02T10:46:41.504543182Z level=info msg="Executing migration" id="drop alert_definition_version table"
grafana-1     | logger=migrator t=2026-02-02T10:46:41.505320844Z level=info msg="Migration successfully executed" id="drop alert_definition_version table" duration=777.397µs
grafana-1     | logger=migrator t=2026-02-02T10:46:41.511535306Z level=info msg="Executing migration" id="create alert_instance table"
grafana-1     | logger=migrator t=2026-02-02T10:46:41.512338052Z level=info msg="Migration successfully executed" id="create alert_instance table" duration=801.842µs
grafana-1     | logger=migrator t=2026-02-02T10:46:41.518180853Z level=info msg="Executing migration" id="add index in alert_instance table on def_org_id, def_uid and current_state columns"
grafana-1     | logger=migrator t=2026-02-02T10:46:41.519031669Z level=info msg="Migration successfully executed" id="add index in alert_instance table on def_org_id, def_uid and current_state columns" duration=850.655µs
grafana-1     | logger=migrator t=2026-02-02T10:46:41.525351369Z level=info msg="Executing migration" id="add index in alert_instance table on def_org_id, current_state columns"
grafana-1     | logger=migrator t=2026-02-02T10:46:41.526309717Z level=info msg="Migration successfully executed" id="add index in alert_instance table on def_org_id, current_state columns" duration=954.756µs
grafana-1     | logger=migrator t=2026-02-02T10:46:41.53324578Z level=info msg="Executing migration" id="add column current_state_end to alert_instance"
grafana-1     | logger=migrator t=2026-02-02T10:46:41.537576048Z level=info msg="Migration successfully executed" id="add column current_state_end to alert_instance" duration=4.330066ms
grafana-1     | logger=migrator t=2026-02-02T10:46:41.544152986Z level=info msg="Executing migration" id="remove index def_org_id, def_uid, current_state on alert_instance"
grafana-1     | logger=migrator t=2026-02-02T10:46:41.545153553Z level=info msg="Migration successfully executed" id="remove index def_org_id, def_uid, current_state on alert_instance" duration=1.000005ms
grafana-1     | logger=migrator t=2026-02-02T10:46:41.551895654Z level=info msg="Executing migration" id="remove index def_org_id, current_state on alert_instance"
grafana-1     | logger=migrator t=2026-02-02T10:46:41.552859768Z level=info msg="Migration successfully executed" id="remove index def_org_id, current_state on alert_instance" duration=963.826µs
grafana-1     | logger=migrator t=2026-02-02T10:46:41.559398543Z level=info msg="Executing migration" id="rename def_org_id to rule_org_id in alert_instance"
grafana-1     | logger=migrator t=2026-02-02T10:46:41.573733683Z level=info msg="Migration successfully executed" id="rename def_org_id to rule_org_id in alert_instance" duration=14.335178ms
grafana-1     | logger=migrator t=2026-02-02T10:46:41.579857239Z level=info msg="Executing migration" id="rename def_uid to rule_uid in alert_instance"
grafana-1     | logger=migrator t=2026-02-02T10:46:41.598886428Z level=info msg="Migration successfully executed" id="rename def_uid to rule_uid in alert_instance" duration=19.027191ms
grafana-1     | logger=migrator t=2026-02-02T10:46:41.61496948Z level=info msg="Executing migration" id="add index rule_org_id, rule_uid, current_state on alert_instance"
grafana-1     | logger=migrator t=2026-02-02T10:46:41.616072833Z level=info msg="Migration successfully executed" id="add index rule_org_id, rule_uid, current_state on alert_instance" duration=1.106165ms
grafana-1     | logger=migrator t=2026-02-02T10:46:41.623248379Z level=info msg="Executing migration" id="add index rule_org_id, current_state on alert_instance"
grafana-1     | logger=migrator t=2026-02-02T10:46:41.624006616Z level=info msg="Migration successfully executed" id="add index rule_org_id, current_state on alert_instance" duration=773.336µs
grafana-1     | logger=migrator t=2026-02-02T10:46:41.638844612Z level=info msg="Executing migration" id="add current_reason column related to current_state"
grafana-1     | logger=migrator t=2026-02-02T10:46:41.64132816Z level=info msg="Migration successfully executed" id="add current_reason column related to current_state" duration=2.482341ms
grafana-1     | logger=migrator t=2026-02-02T10:46:41.65173249Z level=info msg="Executing migration" id="add result_fingerprint column to alert_instance"
grafana-1     | logger=migrator t=2026-02-02T10:46:41.656156303Z level=info msg="Migration successfully executed" id="add result_fingerprint column to alert_instance" duration=4.433341ms
grafana-1     | logger=migrator t=2026-02-02T10:46:41.663493027Z level=info msg="Executing migration" id="create alert_rule table"
grafana-1     | logger=migrator t=2026-02-02T10:46:41.664384878Z level=info msg="Migration successfully executed" id="create alert_rule table" duration=892.394µs
grafana-1     | logger=migrator t=2026-02-02T10:46:41.671020549Z level=info msg="Executing migration" id="add index in alert_rule on org_id and title columns"
grafana-1     | logger=migrator t=2026-02-02T10:46:41.671804683Z level=info msg="Migration successfully executed" id="add index in alert_rule on org_id and title columns" duration=783.603µs
grafana-1     | logger=migrator t=2026-02-02T10:46:41.677682445Z level=info msg="Executing migration" id="add index in alert_rule on org_id and uid columns"
grafana-1     | logger=migrator t=2026-02-02T10:46:41.678269846Z level=info msg="Migration successfully executed" id="add index in alert_rule on org_id and uid columns" duration=587.165µs
grafana-1     | logger=migrator t=2026-02-02T10:46:41.684016292Z level=info msg="Executing migration" id="add index in alert_rule on org_id, namespace_uid, group_uid columns"
grafana-1     | logger=migrator t=2026-02-02T10:46:41.684615735Z level=info msg="Migration successfully executed" id="add index in alert_rule on org_id, namespace_uid, group_uid columns" duration=602.101µs
grafana-1     | logger=migrator t=2026-02-02T10:46:41.69034894Z level=info msg="Executing migration" id="alter alert_rule table data column to mediumtext in mysql"
grafana-1     | logger=migrator t=2026-02-02T10:46:41.690375133Z level=info msg="Migration successfully executed" id="alter alert_rule table data column to mediumtext in mysql" duration=27.377µs
grafana-1     | logger=migrator t=2026-02-02T10:46:41.696389834Z level=info msg="Executing migration" id="add column for to alert_rule"
grafana-1     | logger=migrator t=2026-02-02T10:46:41.700074513Z level=info msg="Migration successfully executed" id="add column for to alert_rule" duration=3.6836ms
grafana-1     | logger=migrator t=2026-02-02T10:46:41.707429966Z level=info msg="Executing migration" id="add column annotations to alert_rule"
grafana-1     | logger=migrator t=2026-02-02T10:46:41.71075041Z level=info msg="Migration successfully executed" id="add column annotations to alert_rule" duration=3.319775ms
grafana-1     | logger=migrator t=2026-02-02T10:46:41.717713272Z level=info msg="Executing migration" id="add column labels to alert_rule"
grafana-1     | logger=migrator t=2026-02-02T10:46:41.72126829Z level=info msg="Migration successfully executed" id="add column labels to alert_rule" duration=3.559777ms
grafana-1     | logger=migrator t=2026-02-02T10:46:41.727489698Z level=info msg="Executing migration" id="remove unique index from alert_rule on org_id, title columns"
grafana-1     | logger=migrator t=2026-02-02T10:46:41.728255696Z level=info msg="Migration successfully executed" id="remove unique index from alert_rule on org_id, title columns" duration=765.961µs
grafana-1     | logger=migrator t=2026-02-02T10:46:41.734277658Z level=info msg="Executing migration" id="add index in alert_rule on org_id, namespase_uid and title columns"
grafana-1     | logger=migrator t=2026-02-02T10:46:41.735144525Z level=info msg="Migration successfully executed" id="add index in alert_rule on org_id, namespase_uid and title columns" duration=865.817µs
grafana-1     | logger=migrator t=2026-02-02T10:46:41.741767067Z level=info msg="Executing migration" id="add dashboard_uid column to alert_rule"
grafana-1     | logger=migrator t=2026-02-02T10:46:41.745937193Z level=info msg="Migration successfully executed" id="add dashboard_uid column to alert_rule" duration=4.169481ms
grafana-1     | logger=migrator t=2026-02-02T10:46:41.752083526Z level=info msg="Executing migration" id="add panel_id column to alert_rule"
grafana-1     | logger=migrator t=2026-02-02T10:46:41.755972417Z level=info msg="Migration successfully executed" id="add panel_id column to alert_rule" duration=3.888435ms
grafana-1     | logger=migrator t=2026-02-02T10:46:41.76164412Z level=info msg="Executing migration" id="add index in alert_rule on org_id, dashboard_uid and panel_id columns"
grafana-1     | logger=migrator t=2026-02-02T10:46:41.762376015Z level=info msg="Migration successfully executed" id="add index in alert_rule on org_id, dashboard_uid and panel_id columns" duration=730.93µs
grafana-1     | logger=migrator t=2026-02-02T10:46:41.768156183Z level=info msg="Executing migration" id="add rule_group_idx column to alert_rule"
grafana-1     | logger=migrator t=2026-02-02T10:46:41.772204419Z level=info msg="Migration successfully executed" id="add rule_group_idx column to alert_rule" duration=4.047592ms
grafana-1     | logger=migrator t=2026-02-02T10:46:41.779502638Z level=info msg="Executing migration" id="add is_paused column to alert_rule table"
grafana-1     | logger=migrator t=2026-02-02T10:46:41.78444963Z level=info msg="Migration successfully executed" id="add is_paused column to alert_rule table" duration=4.945697ms
grafana-1     | logger=migrator t=2026-02-02T10:46:41.790953559Z level=info msg="Executing migration" id="fix is_paused column for alert_rule table"
grafana-1     | logger=migrator t=2026-02-02T10:46:41.790995524Z level=info msg="Migration successfully executed" id="fix is_paused column for alert_rule table" duration=40.811µs
grafana-1     | logger=migrator t=2026-02-02T10:46:41.79816709Z level=info msg="Executing migration" id="alter table alert_rule alter column rule_group_idx type to bigint"
grafana-1     | logger=migrator t=2026-02-02T10:46:41.798207275Z level=info msg="Migration successfully executed" id="alter table alert_rule alter column rule_group_idx type to bigint" duration=42.521µs
grafana-1     | logger=migrator t=2026-02-02T10:46:41.805012737Z level=info msg="Executing migration" id="create alert_rule_version table"
grafana-1     | logger=migrator t=2026-02-02T10:46:41.806271625Z level=info msg="Migration successfully executed" id="create alert_rule_version table" duration=1.257831ms
grafana-1     | logger=migrator t=2026-02-02T10:46:41.814086448Z level=info msg="Executing migration" id="add index in alert_rule_version table on rule_org_id, rule_uid and version columns"
grafana-1     | logger=migrator t=2026-02-02T10:46:41.815423217Z level=info msg="Migration successfully executed" id="add index in alert_rule_version table on rule_org_id, rule_uid and version columns" duration=1.33652ms
grafana-1     | logger=migrator t=2026-02-02T10:46:41.823912514Z level=info msg="Executing migration" id="add index in alert_rule_version table on rule_org_id, rule_namespace_uid and rule_group columns"
grafana-1     | logger=migrator t=2026-02-02T10:46:41.824916428Z level=info msg="Migration successfully executed" id="add index in alert_rule_version table on rule_org_id, rule_namespace_uid and rule_group columns" duration=1.00433ms
grafana-1     | logger=migrator t=2026-02-02T10:46:41.831997359Z level=info msg="Executing migration" id="alter alert_rule_version table data column to mediumtext in mysql"
grafana-1     | logger=migrator t=2026-02-02T10:46:41.832036581Z level=info msg="Migration successfully executed" id="alter alert_rule_version table data column to mediumtext in mysql" duration=41.354µs
grafana-1     | logger=migrator t=2026-02-02T10:46:41.838525457Z level=info msg="Executing migration" id="add column for to alert_rule_version"
grafana-1     | logger=migrator t=2026-02-02T10:46:41.842825938Z level=info msg="Migration successfully executed" id="add column for to alert_rule_version" duration=4.299382ms
grafana-1     | logger=migrator t=2026-02-02T10:46:41.849472454Z level=info msg="Executing migration" id="add column annotations to alert_rule_version"
grafana-1     | logger=migrator t=2026-02-02T10:46:41.854665775Z level=info msg="Migration successfully executed" id="add column annotations to alert_rule_version" duration=5.19261ms
grafana-1     | logger=migrator t=2026-02-02T10:46:41.861762535Z level=info msg="Executing migration" id="add column labels to alert_rule_version"
grafana-1     | logger=migrator t=2026-02-02T10:46:41.867257812Z level=info msg="Migration successfully executed" id="add column labels to alert_rule_version" duration=5.495502ms
grafana-1     | logger=migrator t=2026-02-02T10:46:41.874300356Z level=info msg="Executing migration" id="add rule_group_idx column to alert_rule_version"
grafana-1     | logger=migrator t=2026-02-02T10:46:41.879335784Z level=info msg="Migration successfully executed" id="add rule_group_idx column to alert_rule_version" duration=5.035186ms
grafana-1     | logger=migrator t=2026-02-02T10:46:41.885341304Z level=info msg="Executing migration" id="add is_paused column to alert_rule_versions table"
grafana-1     | logger=migrator t=2026-02-02T10:46:41.889892505Z level=info msg="Migration successfully executed" id="add is_paused column to alert_rule_versions table" duration=4.549476ms
grafana-1     | logger=migrator t=2026-02-02T10:46:41.897355748Z level=info msg="Executing migration" id="fix is_paused column for alert_rule_version table"
grafana-1     | logger=migrator t=2026-02-02T10:46:41.897389248Z level=info msg="Migration successfully executed" id="fix is_paused column for alert_rule_version table" duration=35.257µs
grafana-1     | logger=migrator t=2026-02-02T10:46:41.90501894Z level=info msg="Executing migration" id="alter table alert_rule_version alter column rule_group_idx type to bigint"
grafana-1     | logger=migrator t=2026-02-02T10:46:41.905059798Z level=info msg="Migration successfully executed" id="alter table alert_rule_version alter column rule_group_idx type to bigint" duration=42.792µs
grafana-1     | logger=migrator t=2026-02-02T10:46:41.912042869Z level=info msg="Executing migration" id=create_alert_configuration_table
grafana-1     | logger=migrator t=2026-02-02T10:46:41.912993446Z level=info msg="Migration successfully executed" id=create_alert_configuration_table duration=949.958µs
grafana-1     | logger=migrator t=2026-02-02T10:46:41.920121471Z level=info msg="Executing migration" id="Add column default in alert_configuration"
grafana-1     | logger=migrator t=2026-02-02T10:46:41.925115444Z level=info msg="Migration successfully executed" id="Add column default in alert_configuration" duration=4.990383ms
grafana-1     | logger=migrator t=2026-02-02T10:46:41.931374743Z level=info msg="Executing migration" id="alert alert_configuration alertmanager_configuration column from TEXT to MEDIUMTEXT if mysql"
grafana-1     | logger=migrator t=2026-02-02T10:46:41.931422065Z level=info msg="Migration successfully executed" id="alert alert_configuration alertmanager_configuration column from TEXT to MEDIUMTEXT if mysql" duration=54.135µs
grafana-1     | logger=migrator t=2026-02-02T10:46:41.938467642Z level=info msg="Executing migration" id="add column org_id in alert_configuration"
grafana-1     | logger=migrator t=2026-02-02T10:46:41.944690882Z level=info msg="Migration successfully executed" id="add column org_id in alert_configuration" duration=6.22209ms
grafana-1     | logger=migrator t=2026-02-02T10:46:41.951842343Z level=info msg="Executing migration" id="add index in alert_configuration table on org_id column"
grafana-1     | logger=migrator t=2026-02-02T10:46:41.953337353Z level=info msg="Migration successfully executed" id="add index in alert_configuration table on org_id column" duration=1.494796ms
grafana-1     | logger=migrator t=2026-02-02T10:46:41.961333591Z level=info msg="Executing migration" id="add configuration_hash column to alert_configuration"
grafana-1     | logger=migrator t=2026-02-02T10:46:41.967630601Z level=info msg="Migration successfully executed" id="add configuration_hash column to alert_configuration" duration=6.296804ms
grafana-1     | logger=migrator t=2026-02-02T10:46:41.975003028Z level=info msg="Executing migration" id=create_ngalert_configuration_table
grafana-1     | logger=migrator t=2026-02-02T10:46:41.976232877Z level=info msg="Migration successfully executed" id=create_ngalert_configuration_table duration=1.228338ms
grafana-1     | logger=migrator t=2026-02-02T10:46:41.984298363Z level=info msg="Executing migration" id="add index in ngalert_configuration on org_id column"
grafana-1     | logger=migrator t=2026-02-02T10:46:41.985986525Z level=info msg="Migration successfully executed" id="add index in ngalert_configuration on org_id column" duration=1.687083ms
grafana-1     | logger=migrator t=2026-02-02T10:46:41.993924361Z level=info msg="Executing migration" id="add column send_alerts_to in ngalert_configuration"
grafana-1     | logger=migrator t=2026-02-02T10:46:42.00025354Z level=info msg="Migration successfully executed" id="add column send_alerts_to in ngalert_configuration" duration=6.327938ms
grafana-1     | logger=migrator t=2026-02-02T10:46:42.007448812Z level=info msg="Executing migration" id="create provenance_type table"
grafana-1     | logger=migrator t=2026-02-02T10:46:42.008563491Z level=info msg="Migration successfully executed" id="create provenance_type table" duration=1.11387ms
grafana-1     | logger=migrator t=2026-02-02T10:46:42.016769452Z level=info msg="Executing migration" id="add index to uniquify (record_key, record_type, org_id) columns"
grafana-1     | logger=migrator t=2026-02-02T10:46:42.018200113Z level=info msg="Migration successfully executed" id="add index to uniquify (record_key, record_type, org_id) columns" duration=1.429157ms
grafana-1     | logger=migrator t=2026-02-02T10:46:42.026813892Z level=info msg="Executing migration" id="create alert_image table"
grafana-1     | logger=migrator t=2026-02-02T10:46:42.02805109Z level=info msg="Migration successfully executed" id="create alert_image table" duration=1.236498ms
grafana-1     | logger=migrator t=2026-02-02T10:46:42.036475027Z level=info msg="Executing migration" id="add unique index on token to alert_image table"
grafana-1     | logger=migrator t=2026-02-02T10:46:42.03776971Z level=info msg="Migration successfully executed" id="add unique index on token to alert_image table" duration=1.293636ms
grafana-1     | logger=migrator t=2026-02-02T10:46:42.045234625Z level=info msg="Executing migration" id="support longer URLs in alert_image table"
grafana-1     | logger=migrator t=2026-02-02T10:46:42.045283402Z level=info msg="Migration successfully executed" id="support longer URLs in alert_image table" duration=51.445µs
grafana-1     | logger=migrator t=2026-02-02T10:46:42.052968612Z level=info msg="Executing migration" id=create_alert_configuration_history_table
grafana-1     | logger=migrator t=2026-02-02T10:46:42.054254643Z level=info msg="Migration successfully executed" id=create_alert_configuration_history_table duration=1.284186ms
grafana-1     | logger=migrator t=2026-02-02T10:46:42.062082132Z level=info msg="Executing migration" id="drop non-unique orgID index on alert_configuration"
grafana-1     | logger=migrator t=2026-02-02T10:46:42.063579195Z level=info msg="Migration successfully executed" id="drop non-unique orgID index on alert_configuration" duration=1.496444ms
grafana-1     | logger=migrator t=2026-02-02T10:46:42.071429499Z level=info msg="Executing migration" id="drop unique orgID index on alert_configuration if exists"
grafana-1     | logger=migrator t=2026-02-02T10:46:42.072139096Z level=warn msg="Skipping migration: Already executed, but not recorded in migration log" id="drop unique orgID index on alert_configuration if exists"
grafana-1     | logger=migrator t=2026-02-02T10:46:42.079633743Z level=info msg="Executing migration" id="extract alertmanager configuration history to separate table"
grafana-1     | logger=migrator t=2026-02-02T10:46:42.080615826Z level=info msg="Migration successfully executed" id="extract alertmanager configuration history to separate table" duration=981.157µs
grafana-1     | logger=migrator t=2026-02-02T10:46:42.088348678Z level=info msg="Executing migration" id="add unique index on orgID to alert_configuration"
grafana-1     | logger=migrator t=2026-02-02T10:46:42.090026881Z level=info msg="Migration successfully executed" id="add unique index on orgID to alert_configuration" duration=1.676921ms
grafana-1     | logger=migrator t=2026-02-02T10:46:42.098500603Z level=info msg="Executing migration" id="add last_applied column to alert_configuration_history"
grafana-1     | logger=migrator t=2026-02-02T10:46:42.105393032Z level=info msg="Migration successfully executed" id="add last_applied column to alert_configuration_history" duration=6.89186ms
grafana-1     | logger=migrator t=2026-02-02T10:46:42.119515352Z level=info msg="Executing migration" id="create library_element table v1"
grafana-1     | logger=migrator t=2026-02-02T10:46:42.120614704Z level=info msg="Migration successfully executed" id="create library_element table v1" duration=1.098313ms
grafana-1     | logger=migrator t=2026-02-02T10:46:42.129074273Z level=info msg="Executing migration" id="add index library_element org_id-folder_id-name-kind"
grafana-1     | logger=migrator t=2026-02-02T10:46:42.129825224Z level=info msg="Migration successfully executed" id="add index library_element org_id-folder_id-name-kind" duration=749.736µs
grafana-1     | logger=migrator t=2026-02-02T10:46:42.137258509Z level=info msg="Executing migration" id="create library_element_connection table v1"
grafana-1     | logger=migrator t=2026-02-02T10:46:42.137819374Z level=info msg="Migration successfully executed" id="create library_element_connection table v1" duration=560.799µs
grafana-1     | logger=migrator t=2026-02-02T10:46:42.144847444Z level=info msg="Executing migration" id="add index library_element_connection element_id-kind-connection_id"
grafana-1     | logger=migrator t=2026-02-02T10:46:42.145572916Z level=info msg="Migration successfully executed" id="add index library_element_connection element_id-kind-connection_id" duration=724.539µs
grafana-1     | logger=migrator t=2026-02-02T10:46:42.152858995Z level=info msg="Executing migration" id="add unique index library_element org_id_uid"
grafana-1     | logger=migrator t=2026-02-02T10:46:42.153596919Z level=info msg="Migration successfully executed" id="add unique index library_element org_id_uid" duration=742.588µs
grafana-1     | logger=migrator t=2026-02-02T10:46:42.16019243Z level=info msg="Executing migration" id="increase max description length to 2048"
grafana-1     | logger=migrator t=2026-02-02T10:46:42.160237952Z level=info msg="Migration successfully executed" id="increase max description length to 2048" duration=47.445µs
grafana-1     | logger=migrator t=2026-02-02T10:46:42.16649112Z level=info msg="Executing migration" id="alter library_element model to mediumtext"
grafana-1     | logger=migrator t=2026-02-02T10:46:42.166540339Z level=info msg="Migration successfully executed" id="alter library_element model to mediumtext" duration=52.065µs
grafana-1     | logger=migrator t=2026-02-02T10:46:42.172255186Z level=info msg="Executing migration" id="add library_element folder uid"
grafana-1     | logger=migrator t=2026-02-02T10:46:42.175291461Z level=info msg="Migration successfully executed" id="add library_element folder uid" duration=3.034437ms
grafana-1     | logger=migrator t=2026-02-02T10:46:42.181115512Z level=info msg="Executing migration" id="populate library_element folder_uid"
grafana-1     | logger=migrator t=2026-02-02T10:46:42.181466059Z level=info msg="Migration successfully executed" id="populate library_element folder_uid" duration=351.612µs
grafana-1     | logger=migrator t=2026-02-02T10:46:42.187186882Z level=info msg="Executing migration" id="add index library_element org_id-folder_uid-name-kind"
grafana-1     | logger=migrator t=2026-02-02T10:46:42.187990133Z level=info msg="Migration successfully executed" id="add index library_element org_id-folder_uid-name-kind" duration=804.291µs
grafana-1     | logger=migrator t=2026-02-02T10:46:42.193763158Z level=info msg="Executing migration" id="drop unique name in folder index (id)"
grafana-1     | logger=migrator t=2026-02-02T10:46:42.194432683Z level=info msg="Migration successfully executed" id="drop unique name in folder index (id)" duration=668.992µs
grafana-1     | logger=migrator t=2026-02-02T10:46:42.200266886Z level=info msg="Executing migration" id="drop unique name in folder index"
grafana-1     | logger=migrator t=2026-02-02T10:46:42.200962673Z level=info msg="Migration successfully executed" id="drop unique name in folder index" duration=696.072µs
grafana-1     | logger=migrator t=2026-02-02T10:46:42.207092587Z level=info msg="Executing migration" id="clone move dashboard alerts to unified alerting"
grafana-1     | logger=migrator t=2026-02-02T10:46:42.207486868Z level=info msg="Migration successfully executed" id="clone move dashboard alerts to unified alerting" duration=396.278µs
grafana-1     | logger=migrator t=2026-02-02T10:46:42.213813556Z level=info msg="Executing migration" id="create data_keys table"
grafana-1     | logger=migrator t=2026-02-02T10:46:42.214445343Z level=info msg="Migration successfully executed" id="create data_keys table" duration=631.877µs
grafana-1     | logger=migrator t=2026-02-02T10:46:42.220697405Z level=info msg="Executing migration" id="create secrets table"
grafana-1     | logger=migrator t=2026-02-02T10:46:42.221252761Z level=info msg="Migration successfully executed" id="create secrets table" duration=555.057µs
grafana-1     | logger=migrator t=2026-02-02T10:46:42.226889631Z level=info msg="Executing migration" id="rename data_keys name column to id"
grafana-1     | logger=migrator t=2026-02-02T10:46:42.238796769Z level=info msg="Migration successfully executed" id="rename data_keys name column to id" duration=11.904325ms
grafana-1     | logger=migrator t=2026-02-02T10:46:42.244588965Z level=info msg="Executing migration" id="add name column into data_keys"
grafana-1     | logger=migrator t=2026-02-02T10:46:42.247842484Z level=info msg="Migration successfully executed" id="add name column into data_keys" duration=3.254459ms
grafana-1     | logger=migrator t=2026-02-02T10:46:42.253688103Z level=info msg="Executing migration" id="copy data_keys id column values into name"
grafana-1     | logger=migrator t=2026-02-02T10:46:42.253846384Z level=info msg="Migration successfully executed" id="copy data_keys id column values into name" duration=159.838µs
grafana-1     | logger=migrator t=2026-02-02T10:46:42.259473897Z level=info msg="Executing migration" id="rename data_keys name column to label"
grafana-1     | logger=migrator t=2026-02-02T10:46:42.270903514Z level=info msg="Migration successfully executed" id="rename data_keys name column to label" duration=11.427184ms
grafana-1     | logger=migrator t=2026-02-02T10:46:42.276880103Z level=info msg="Executing migration" id="rename data_keys id column back to name"
grafana-1     | logger=migrator t=2026-02-02T10:46:42.288327597Z level=info msg="Migration successfully executed" id="rename data_keys id column back to name" duration=11.444256ms
grafana-1     | logger=migrator t=2026-02-02T10:46:42.294243294Z level=info msg="Executing migration" id="create kv_store table v1"
grafana-1     | logger=migrator t=2026-02-02T10:46:42.2949209Z level=info msg="Migration successfully executed" id="create kv_store table v1" duration=674.755µs
grafana-1     | logger=migrator t=2026-02-02T10:46:42.300808022Z level=info msg="Executing migration" id="add index kv_store.org_id-namespace-key"
grafana-1     | logger=migrator t=2026-02-02T10:46:42.301415887Z level=info msg="Migration successfully executed" id="add index kv_store.org_id-namespace-key" duration=608.363µs
grafana-1     | logger=migrator t=2026-02-02T10:46:42.306982321Z level=info msg="Executing migration" id="update dashboard_uid and panel_id from existing annotations"
grafana-1     | logger=migrator t=2026-02-02T10:46:42.307207094Z level=info msg="Migration successfully executed" id="update dashboard_uid and panel_id from existing annotations" duration=225.604µs
grafana-1     | logger=migrator t=2026-02-02T10:46:42.313078705Z level=info msg="Executing migration" id="create permission table"
grafana-1     | logger=migrator t=2026-02-02T10:46:42.313690171Z level=info msg="Migration successfully executed" id="create permission table" duration=610.846µs
grafana-1     | logger=migrator t=2026-02-02T10:46:42.319939621Z level=info msg="Executing migration" id="add unique index permission.role_id"
grafana-1     | logger=migrator t=2026-02-02T10:46:42.320647273Z level=info msg="Migration successfully executed" id="add unique index permission.role_id" duration=707.503µs
grafana-1     | logger=migrator t=2026-02-02T10:46:42.326297539Z level=info msg="Executing migration" id="add unique index role_id_action_scope"
grafana-1     | logger=migrator t=2026-02-02T10:46:42.327013006Z level=info msg="Migration successfully executed" id="add unique index role_id_action_scope" duration=715.191µs
grafana-1     | logger=migrator t=2026-02-02T10:46:42.332874628Z level=info msg="Executing migration" id="create role table"
grafana-1     | logger=migrator t=2026-02-02T10:46:42.333467662Z level=info msg="Migration successfully executed" id="create role table" duration=592.452µs
grafana-1     | logger=migrator t=2026-02-02T10:46:42.339646484Z level=info msg="Executing migration" id="add column display_name"
grafana-1     | logger=migrator t=2026-02-02T10:46:42.342632337Z level=info msg="Migration successfully executed" id="add column display_name" duration=2.98417ms
grafana-1     | logger=migrator t=2026-02-02T10:46:42.348602819Z level=info msg="Executing migration" id="add column group_name"
grafana-1     | logger=migrator t=2026-02-02T10:46:42.351680138Z level=info msg="Migration successfully executed" id="add column group_name" duration=3.062925ms
grafana-1     | logger=migrator t=2026-02-02T10:46:42.357502582Z level=info msg="Executing migration" id="add index role.org_id"
grafana-1     | logger=migrator t=2026-02-02T10:46:42.358250644Z level=info msg="Migration successfully executed" id="add index role.org_id" duration=747.58µs
grafana-1     | logger=migrator t=2026-02-02T10:46:42.363939728Z level=info msg="Executing migration" id="add unique index role_org_id_name"
grafana-1     | logger=migrator t=2026-02-02T10:46:42.364707593Z level=info msg="Migration successfully executed" id="add unique index role_org_id_name" duration=768.243µs
grafana-1     | logger=migrator t=2026-02-02T10:46:42.370383013Z level=info msg="Executing migration" id="add index role_org_id_uid"
grafana-1     | logger=migrator t=2026-02-02T10:46:42.371146931Z level=info msg="Migration successfully executed" id="add index role_org_id_uid" duration=761.463µs
grafana-1     | logger=migrator t=2026-02-02T10:46:42.376862529Z level=info msg="Executing migration" id="create team role table"
grafana-1     | logger=migrator t=2026-02-02T10:46:42.377409296Z level=info msg="Migration successfully executed" id="create team role table" duration=546.175µs
grafana-1     | logger=migrator t=2026-02-02T10:46:42.383216835Z level=info msg="Executing migration" id="add index team_role.org_id"
grafana-1     | logger=migrator t=2026-02-02T10:46:42.384013451Z level=info msg="Migration successfully executed" id="add index team_role.org_id" duration=797.174µs
grafana-1     | logger=migrator t=2026-02-02T10:46:42.39014242Z level=info msg="Executing migration" id="add unique index team_role_org_id_team_id_role_id"
grafana-1     | logger=migrator t=2026-02-02T10:46:42.390899532Z level=info msg="Migration successfully executed" id="add unique index team_role_org_id_team_id_role_id" duration=757.158µs
grafana-1     | logger=migrator t=2026-02-02T10:46:42.397457434Z level=info msg="Executing migration" id="add index team_role.team_id"
grafana-1     | logger=migrator t=2026-02-02T10:46:42.398250544Z level=info msg="Migration successfully executed" id="add index team_role.team_id" duration=792.995µs
grafana-1     | logger=migrator t=2026-02-02T10:46:42.404073771Z level=info msg="Executing migration" id="create user role table"
grafana-1     | logger=migrator t=2026-02-02T10:46:42.404709266Z level=info msg="Migration successfully executed" id="create user role table" duration=634.998µs
grafana-1     | logger=migrator t=2026-02-02T10:46:42.410470592Z level=info msg="Executing migration" id="add index user_role.org_id"
grafana-1     | logger=migrator t=2026-02-02T10:46:42.411272346Z level=info msg="Migration successfully executed" id="add index user_role.org_id" duration=801.54µs
grafana-1     | logger=migrator t=2026-02-02T10:46:42.41705432Z level=info msg="Executing migration" id="add unique index user_role_org_id_user_id_role_id"
grafana-1     | logger=migrator t=2026-02-02T10:46:42.418048275Z level=info msg="Migration successfully executed" id="add unique index user_role_org_id_user_id_role_id" duration=993.355µs
grafana-1     | logger=migrator t=2026-02-02T10:46:42.423939504Z level=info msg="Executing migration" id="add index user_role.user_id"
grafana-1     | logger=migrator t=2026-02-02T10:46:42.424683336Z level=info msg="Migration successfully executed" id="add index user_role.user_id" duration=743.847µs
grafana-1     | logger=migrator t=2026-02-02T10:46:42.43046804Z level=info msg="Executing migration" id="create builtin role table"
grafana-1     | logger=migrator t=2026-02-02T10:46:42.431014254Z level=info msg="Migration successfully executed" id="create builtin role table" duration=547.767µs
grafana-1     | logger=migrator t=2026-02-02T10:46:42.437306427Z level=info msg="Executing migration" id="add index builtin_role.role_id"
grafana-1     | logger=migrator t=2026-02-02T10:46:42.438040797Z level=info msg="Migration successfully executed" id="add index builtin_role.role_id" duration=734.608µs
grafana-1     | logger=migrator t=2026-02-02T10:46:42.443897718Z level=info msg="Executing migration" id="add index builtin_role.name"
grafana-1     | logger=migrator t=2026-02-02T10:46:42.444644586Z level=info msg="Migration successfully executed" id="add index builtin_role.name" duration=746.943µs
grafana-1     | logger=migrator t=2026-02-02T10:46:42.459229814Z level=info msg="Executing migration" id="Add column org_id to builtin_role table"
grafana-1     | logger=migrator t=2026-02-02T10:46:42.462747123Z level=info msg="Migration successfully executed" id="Add column org_id to builtin_role table" duration=3.516266ms
grafana-1     | logger=migrator t=2026-02-02T10:46:42.468887586Z level=info msg="Executing migration" id="add index builtin_role.org_id"
grafana-1     | logger=migrator t=2026-02-02T10:46:42.469969137Z level=info msg="Migration successfully executed" id="add index builtin_role.org_id" duration=1.081377ms
grafana-1     | logger=migrator t=2026-02-02T10:46:42.476050769Z level=info msg="Executing migration" id="add unique index builtin_role_org_id_role_id_role"
grafana-1     | logger=migrator t=2026-02-02T10:46:42.476802589Z level=info msg="Migration successfully executed" id="add unique index builtin_role_org_id_role_id_role" duration=752.11µs
grafana-1     | logger=migrator t=2026-02-02T10:46:42.482461426Z level=info msg="Executing migration" id="Remove unique index role_org_id_uid"
grafana-1     | logger=migrator t=2026-02-02T10:46:42.48321632Z level=info msg="Migration successfully executed" id="Remove unique index role_org_id_uid" duration=753.447µs
grafana-1     | logger=migrator t=2026-02-02T10:46:42.489289089Z level=info msg="Executing migration" id="add unique index role.uid"
grafana-1     | logger=migrator t=2026-02-02T10:46:42.489967575Z level=info msg="Migration successfully executed" id="add unique index role.uid" duration=679.414µs
grafana-1     | logger=migrator t=2026-02-02T10:46:42.495711036Z level=info msg="Executing migration" id="create seed assignment table"
grafana-1     | logger=migrator t=2026-02-02T10:46:42.496272851Z level=info msg="Migration successfully executed" id="create seed assignment table" duration=561.719µs
grafana-1     | logger=migrator t=2026-02-02T10:46:42.501945179Z level=info msg="Executing migration" id="add unique index builtin_role_role_name"
grafana-1     | logger=migrator t=2026-02-02T10:46:42.502642087Z level=info msg="Migration successfully executed" id="add unique index builtin_role_role_name" duration=697.598µs
grafana-1     | logger=migrator t=2026-02-02T10:46:42.508463667Z level=info msg="Executing migration" id="add column hidden to role table"
grafana-1     | logger=migrator t=2026-02-02T10:46:42.511731901Z level=info msg="Migration successfully executed" id="add column hidden to role table" duration=3.263868ms
grafana-1     | logger=migrator t=2026-02-02T10:46:42.517552022Z level=info msg="Executing migration" id="permission kind migration"
grafana-1     | logger=migrator t=2026-02-02T10:46:42.52066617Z level=info msg="Migration successfully executed" id="permission kind migration" duration=3.114444ms
grafana-1     | logger=migrator t=2026-02-02T10:46:42.526587112Z level=info msg="Executing migration" id="permission attribute migration"
grafana-1     | logger=migrator t=2026-02-02T10:46:42.53004318Z level=info msg="Migration successfully executed" id="permission attribute migration" duration=3.455675ms
grafana-1     | logger=migrator t=2026-02-02T10:46:42.536151061Z level=info msg="Executing migration" id="permission identifier migration"
grafana-1     | logger=migrator t=2026-02-02T10:46:42.53912897Z level=info msg="Migration successfully executed" id="permission identifier migration" duration=2.971333ms
grafana-1     | logger=migrator t=2026-02-02T10:46:42.544860703Z level=info msg="Executing migration" id="add permission identifier index"
grafana-1     | logger=migrator t=2026-02-02T10:46:42.545596568Z level=info msg="Migration successfully executed" id="add permission identifier index" duration=736.297µs
grafana-1     | logger=migrator t=2026-02-02T10:46:42.551552638Z level=info msg="Executing migration" id="add permission action scope role_id index"
grafana-1     | logger=migrator t=2026-02-02T10:46:42.552273533Z level=info msg="Migration successfully executed" id="add permission action scope role_id index" duration=734.04µs
grafana-1     | logger=migrator t=2026-02-02T10:46:42.559501112Z level=info msg="Executing migration" id="remove permission role_id action scope index"
grafana-1     | logger=migrator t=2026-02-02T10:46:42.560243407Z level=info msg="Migration successfully executed" id="remove permission role_id action scope index" duration=742.782µs
grafana-1     | logger=migrator t=2026-02-02T10:46:42.566171614Z level=info msg="Executing migration" id="add group mapping UID column to user_role table"
grafana-1     | logger=migrator t=2026-02-02T10:46:42.569223552Z level=info msg="Migration successfully executed" id="add group mapping UID column to user_role table" duration=3.050364ms
grafana-1     | logger=migrator t=2026-02-02T10:46:42.575249559Z level=info msg="Executing migration" id="add user_role org ID, user ID, role ID, group mapping UID index"
grafana-1     | logger=migrator t=2026-02-02T10:46:42.575996682Z level=info msg="Migration successfully executed" id="add user_role org ID, user ID, role ID, group mapping UID index" duration=746.436µs
grafana-1     | logger=migrator t=2026-02-02T10:46:42.581744558Z level=info msg="Executing migration" id="remove user_role org ID, user ID, role ID index"
grafana-1     | logger=migrator t=2026-02-02T10:46:42.582408003Z level=info msg="Migration successfully executed" id="remove user_role org ID, user ID, role ID index" duration=663.266µs
grafana-1     | logger=migrator t=2026-02-02T10:46:42.588057638Z level=info msg="Executing migration" id="add permission role_id action index"
grafana-1     | logger=migrator t=2026-02-02T10:46:42.588737534Z level=info msg="Migration successfully executed" id="add permission role_id action index" duration=680.763µs
grafana-1     | logger=migrator t=2026-02-02T10:46:42.594803982Z level=info msg="Executing migration" id="Remove permission role_id index"
grafana-1     | logger=migrator t=2026-02-02T10:46:42.595535894Z level=info msg="Migration successfully executed" id="Remove permission role_id index" duration=736.739µs
grafana-1     | logger=migrator t=2026-02-02T10:46:42.601419543Z level=info msg="Executing migration" id="create query_history table v1"
grafana-1     | logger=migrator t=2026-02-02T10:46:42.602012697Z level=info msg="Migration successfully executed" id="create query_history table v1" duration=591.756µs
grafana-1     | logger=migrator t=2026-02-02T10:46:42.612258672Z level=info msg="Executing migration" id="add index query_history.org_id-created_by-datasource_uid"
grafana-1     | logger=migrator t=2026-02-02T10:46:42.613017687Z level=info msg="Migration successfully executed" id="add index query_history.org_id-created_by-datasource_uid" duration=758.942µs
grafana-1     | logger=migrator t=2026-02-02T10:46:42.618742645Z level=info msg="Executing migration" id="alter table query_history alter column created_by type to bigint"
grafana-1     | logger=migrator t=2026-02-02T10:46:42.618777389Z level=info msg="Migration successfully executed" id="alter table query_history alter column created_by type to bigint" duration=36.876µs
grafana-1     | logger=migrator t=2026-02-02T10:46:42.624726815Z level=info msg="Executing migration" id="create query_history_details table v1"
grafana-1     | logger=migrator t=2026-02-02T10:46:42.625278297Z level=info msg="Migration successfully executed" id="create query_history_details table v1" duration=550.349µs
grafana-1     | logger=migrator t=2026-02-02T10:46:42.631375817Z level=info msg="Executing migration" id="rbac disabled migrator"
grafana-1     | logger=migrator t=2026-02-02T10:46:42.631422903Z level=info msg="Migration successfully executed" id="rbac disabled migrator" duration=49.657µs
grafana-1     | logger=migrator t=2026-02-02T10:46:42.637121589Z level=info msg="Executing migration" id="teams permissions migration"
grafana-1     | logger=migrator t=2026-02-02T10:46:42.637442898Z level=info msg="Migration successfully executed" id="teams permissions migration" duration=324.538µs
grafana-1     | logger=migrator t=2026-02-02T10:46:42.6430243Z level=info msg="Executing migration" id="dashboard permissions"
grafana-1     | logger=migrator t=2026-02-02T10:46:42.643480567Z level=info msg="Migration successfully executed" id="dashboard permissions" duration=458.572µs
grafana-1     | logger=migrator t=2026-02-02T10:46:42.649330624Z level=info msg="Executing migration" id="dashboard permissions uid scopes"
grafana-1     | logger=migrator t=2026-02-02T10:46:42.649765595Z level=info msg="Migration successfully executed" id="dashboard permissions uid scopes" duration=436.792µs
grafana-1     | logger=migrator t=2026-02-02T10:46:42.655785698Z level=info msg="Executing migration" id="drop managed folder create actions"
grafana-1     | logger=migrator t=2026-02-02T10:46:42.655994976Z level=info msg="Migration successfully executed" id="drop managed folder create actions" duration=211.096µs
grafana-1     | logger=migrator t=2026-02-02T10:46:42.66254932Z level=info msg="Executing migration" id="alerting notification permissions"
grafana-1     | logger=migrator t=2026-02-02T10:46:42.663043518Z level=info msg="Migration successfully executed" id="alerting notification permissions" duration=494.636µs
grafana-1     | logger=migrator t=2026-02-02T10:46:42.669016211Z level=info msg="Executing migration" id="create query_history_star table v1"
grafana-1     | logger=migrator t=2026-02-02T10:46:42.66961295Z level=info msg="Migration successfully executed" id="create query_history_star table v1" duration=596.623µs
grafana-1     | logger=migrator t=2026-02-02T10:46:42.675433401Z level=info msg="Executing migration" id="add index query_history.user_id-query_uid"
grafana-1     | logger=migrator t=2026-02-02T10:46:42.676162051Z level=info msg="Migration successfully executed" id="add index query_history.user_id-query_uid" duration=723.211µs
grafana-1     | logger=migrator t=2026-02-02T10:46:42.681900482Z level=info msg="Executing migration" id="add column org_id in query_history_star"
grafana-1     | logger=migrator t=2026-02-02T10:46:42.685032642Z level=info msg="Migration successfully executed" id="add column org_id in query_history_star" duration=3.131045ms
grafana-1     | logger=migrator t=2026-02-02T10:46:42.690852258Z level=info msg="Executing migration" id="alter table query_history_star_mig column user_id type to bigint"
grafana-1     | logger=migrator t=2026-02-02T10:46:42.690883304Z level=info msg="Migration successfully executed" id="alter table query_history_star_mig column user_id type to bigint" duration=33.86µs
grafana-1     | logger=migrator t=2026-02-02T10:46:42.696863302Z level=info msg="Executing migration" id="create correlation table v1"
grafana-1     | logger=migrator t=2026-02-02T10:46:42.697526692Z level=info msg="Migration successfully executed" id="create correlation table v1" duration=661.639µs
grafana-1     | logger=migrator t=2026-02-02T10:46:42.703885844Z level=info msg="Executing migration" id="add index correlations.uid"
grafana-1     | logger=migrator t=2026-02-02T10:46:42.704702807Z level=info msg="Migration successfully executed" id="add index correlations.uid" duration=816.499µs
grafana-1     | logger=migrator t=2026-02-02T10:46:42.710677209Z level=info msg="Executing migration" id="add index correlations.source_uid"
grafana-1     | logger=migrator t=2026-02-02T10:46:42.711473387Z level=info msg="Migration successfully executed" id="add index correlations.source_uid" duration=796.652µs
grafana-1     | logger=migrator t=2026-02-02T10:46:42.718338499Z level=info msg="Executing migration" id="add correlation config column"
grafana-1     | logger=migrator t=2026-02-02T10:46:42.722238053Z level=info msg="Migration successfully executed" id="add correlation config column" duration=3.897675ms
grafana-1     | logger=migrator t=2026-02-02T10:46:42.728500097Z level=info msg="Executing migration" id="drop index IDX_correlation_uid - v1"
grafana-1     | logger=migrator t=2026-02-02T10:46:42.729209197Z level=info msg="Migration successfully executed" id="drop index IDX_correlation_uid - v1" duration=708.679µs
grafana-1     | logger=migrator t=2026-02-02T10:46:42.735143889Z level=info msg="Executing migration" id="drop index IDX_correlation_source_uid - v1"
grafana-1     | logger=migrator t=2026-02-02T10:46:42.735764567Z level=info msg="Migration successfully executed" id="drop index IDX_correlation_source_uid - v1" duration=620.486µs
grafana-1     | logger=migrator t=2026-02-02T10:46:42.743527405Z level=info msg="Executing migration" id="Rename table correlation to correlation_tmp_qwerty - v1"
grafana-1     | logger=migrator t=2026-02-02T10:46:42.752800784Z level=info msg="Migration successfully executed" id="Rename table correlation to correlation_tmp_qwerty - v1" duration=9.271534ms
grafana-1     | logger=migrator t=2026-02-02T10:46:42.758979505Z level=info msg="Executing migration" id="create correlation v2"
grafana-1     | logger=migrator t=2026-02-02T10:46:42.759646288Z level=info msg="Migration successfully executed" id="create correlation v2" duration=666.366µs
grafana-1     | logger=migrator t=2026-02-02T10:46:42.765374381Z level=info msg="Executing migration" id="create index IDX_correlation_uid - v2"
grafana-1     | logger=migrator t=2026-02-02T10:46:42.766074439Z level=info msg="Migration successfully executed" id="create index IDX_correlation_uid - v2" duration=700.837µs
grafana-1     | logger=migrator t=2026-02-02T10:46:42.77212252Z level=info msg="Executing migration" id="create index IDX_correlation_source_uid - v2"
grafana-1     | logger=migrator t=2026-02-02T10:46:42.772816027Z level=info msg="Migration successfully executed" id="create index IDX_correlation_source_uid - v2" duration=693.87µs
grafana-1     | logger=migrator t=2026-02-02T10:46:42.778450189Z level=info msg="Executing migration" id="create index IDX_correlation_org_id - v2"
grafana-1     | logger=migrator t=2026-02-02T10:46:42.779225028Z level=info msg="Migration successfully executed" id="create index IDX_correlation_org_id - v2" duration=774.351µs
grafana-1     | logger=migrator t=2026-02-02T10:46:42.78494463Z level=info msg="Executing migration" id="copy correlation v1 to v2"
grafana-1     | logger=migrator t=2026-02-02T10:46:42.785149015Z level=info msg="Migration successfully executed" id="copy correlation v1 to v2" duration=206.349µs
grafana-1     | logger=migrator t=2026-02-02T10:46:42.791306372Z level=info msg="Executing migration" id="drop correlation_tmp_qwerty"
grafana-1     | logger=migrator t=2026-02-02T10:46:42.791835026Z level=info msg="Migration successfully executed" id="drop correlation_tmp_qwerty" duration=529.03µs
grafana-1     | logger=migrator t=2026-02-02T10:46:42.797235762Z level=info msg="Executing migration" id="add provisioning column"
grafana-1     | logger=migrator t=2026-02-02T10:46:42.80045809Z level=info msg="Migration successfully executed" id="add provisioning column" duration=3.216814ms
grafana-1     | logger=migrator t=2026-02-02T10:46:42.806648085Z level=info msg="Executing migration" id="add type column"
grafana-1     | logger=migrator t=2026-02-02T10:46:42.809861188Z level=info msg="Migration successfully executed" id="add type column" duration=3.212201ms
grafana-1     | logger=migrator t=2026-02-02T10:46:42.816188589Z level=info msg="Executing migration" id="create entity_events table"
grafana-1     | logger=migrator t=2026-02-02T10:46:42.816755332Z level=info msg="Migration successfully executed" id="create entity_events table" duration=566.894µs
grafana-1     | logger=migrator t=2026-02-02T10:46:42.822646613Z level=info msg="Executing migration" id="create dashboard public config v1"
grafana-1     | logger=migrator t=2026-02-02T10:46:42.823351736Z level=info msg="Migration successfully executed" id="create dashboard public config v1" duration=704.702µs
grafana-1     | logger=migrator t=2026-02-02T10:46:42.829248942Z level=info msg="Executing migration" id="drop index UQE_dashboard_public_config_uid - v1"
grafana-1     | logger=migrator t=2026-02-02T10:46:42.829579629Z level=warn msg="Skipping migration: Already executed, but not recorded in migration log" id="drop index UQE_dashboard_public_config_uid - v1"
grafana-1     | logger=migrator t=2026-02-02T10:46:42.83525658Z level=info msg="Executing migration" id="drop index IDX_dashboard_public_config_org_id_dashboard_uid - v1"
grafana-1     | logger=migrator t=2026-02-02T10:46:42.835554881Z level=warn msg="Skipping migration: Already executed, but not recorded in migration log" id="drop index IDX_dashboard_public_config_org_id_dashboard_uid - v1"
grafana-1     | logger=migrator t=2026-02-02T10:46:42.841252298Z level=info msg="Executing migration" id="Drop old dashboard public config table"
grafana-1     | logger=migrator t=2026-02-02T10:46:42.841821798Z level=info msg="Migration successfully executed" id="Drop old dashboard public config table" duration=568.826µs
grafana-1     | logger=migrator t=2026-02-02T10:46:42.847608255Z level=info msg="Executing migration" id="recreate dashboard public config v1"
grafana-1     | logger=migrator t=2026-02-02T10:46:42.848258723Z level=info msg="Migration successfully executed" id="recreate dashboard public config v1" duration=650.12µs
grafana-1     | logger=migrator t=2026-02-02T10:46:42.854115494Z level=info msg="Executing migration" id="create index UQE_dashboard_public_config_uid - v1"
grafana-1     | logger=migrator t=2026-02-02T10:46:42.854848655Z level=info msg="Migration successfully executed" id="create index UQE_dashboard_public_config_uid - v1" duration=734.246µs
grafana-1     | logger=migrator t=2026-02-02T10:46:42.860794272Z level=info msg="Executing migration" id="create index IDX_dashboard_public_config_org_id_dashboard_uid - v1"
grafana-1     | logger=migrator t=2026-02-02T10:46:42.861482989Z level=info msg="Migration successfully executed" id="create index IDX_dashboard_public_config_org_id_dashboard_uid - v1" duration=689.648µs
grafana-1     | logger=migrator t=2026-02-02T10:46:42.867401372Z level=info msg="Executing migration" id="drop index UQE_dashboard_public_config_uid - v2"
grafana-1     | logger=migrator t=2026-02-02T10:46:42.86808697Z level=info msg="Migration successfully executed" id="drop index UQE_dashboard_public_config_uid - v2" duration=685.463µs
grafana-1     | logger=migrator t=2026-02-02T10:46:42.873914311Z level=info msg="Executing migration" id="drop index IDX_dashboard_public_config_org_id_dashboard_uid - v2"
grafana-1     | logger=migrator t=2026-02-02T10:46:42.874601832Z level=info msg="Migration successfully executed" id="drop index IDX_dashboard_public_config_org_id_dashboard_uid - v2" duration=687.962µs
grafana-1     | logger=migrator t=2026-02-02T10:46:42.88013641Z level=info msg="Executing migration" id="Drop public config table"
grafana-1     | logger=migrator t=2026-02-02T10:46:42.880703858Z level=info msg="Migration successfully executed" id="Drop public config table" duration=566.995µs
grafana-1     | logger=migrator t=2026-02-02T10:46:42.886712267Z level=info msg="Executing migration" id="Recreate dashboard public config v2"
grafana-1     | logger=migrator t=2026-02-02T10:46:42.887423708Z level=info msg="Migration successfully executed" id="Recreate dashboard public config v2" duration=709.918µs
grafana-1     | logger=migrator t=2026-02-02T10:46:42.893558598Z level=info msg="Executing migration" id="create index UQE_dashboard_public_config_uid - v2"
grafana-1     | logger=migrator t=2026-02-02T10:46:42.894252613Z level=info msg="Migration successfully executed" id="create index UQE_dashboard_public_config_uid - v2" duration=694.599µs
grafana-1     | logger=migrator t=2026-02-02T10:46:42.90012782Z level=info msg="Executing migration" id="create index IDX_dashboard_public_config_org_id_dashboard_uid - v2"
grafana-1     | logger=migrator t=2026-02-02T10:46:42.900861364Z level=info msg="Migration successfully executed" id="create index IDX_dashboard_public_config_org_id_dashboard_uid - v2" duration=733.937µs
grafana-1     | logger=migrator t=2026-02-02T10:46:42.906901167Z level=info msg="Executing migration" id="create index UQE_dashboard_public_config_access_token - v2"
grafana-1     | logger=migrator t=2026-02-02T10:46:42.90764638Z level=info msg="Migration successfully executed" id="create index UQE_dashboard_public_config_access_token - v2" duration=746.583µs
grafana-1     | logger=migrator t=2026-02-02T10:46:42.913322149Z level=info msg="Executing migration" id="Rename table dashboard_public_config to dashboard_public - v2"
grafana-1     | logger=migrator t=2026-02-02T10:46:42.921549071Z level=info msg="Migration successfully executed" id="Rename table dashboard_public_config to dashboard_public - v2" duration=8.228848ms
grafana-1     | logger=migrator t=2026-02-02T10:46:42.927535365Z level=info msg="Executing migration" id="add annotations_enabled column"
grafana-1     | logger=migrator t=2026-02-02T10:46:42.930752806Z level=info msg="Migration successfully executed" id="add annotations_enabled column" duration=3.21801ms
grafana-1     | logger=migrator t=2026-02-02T10:46:42.936627456Z level=info msg="Executing migration" id="add time_selection_enabled column"
grafana-1     | logger=migrator t=2026-02-02T10:46:42.940150562Z level=info msg="Migration successfully executed" id="add time_selection_enabled column" duration=3.53677ms
grafana-1     | logger=migrator t=2026-02-02T10:46:42.946568071Z level=info msg="Executing migration" id="delete orphaned public dashboards"
grafana-1     | logger=migrator t=2026-02-02T10:46:42.947243684Z level=info msg="Migration successfully executed" id="delete orphaned public dashboards" duration=675.978µs
grafana-1     | logger=migrator t=2026-02-02T10:46:42.953569356Z level=info msg="Executing migration" id="add share column"
grafana-1     | logger=migrator t=2026-02-02T10:46:42.956752739Z level=info msg="Migration successfully executed" id="add share column" duration=3.177834ms
grafana-1     | logger=migrator t=2026-02-02T10:46:42.962607004Z level=info msg="Executing migration" id="backfill empty share column fields with default of public"
grafana-1     | logger=migrator t=2026-02-02T10:46:42.96279064Z level=info msg="Migration successfully executed" id="backfill empty share column fields with default of public" duration=185.319µs
grafana-1     | logger=migrator t=2026-02-02T10:46:42.968602844Z level=info msg="Executing migration" id="create file table"
grafana-1     | logger=migrator t=2026-02-02T10:46:42.96920199Z level=info msg="Migration successfully executed" id="create file table" duration=595.974µs
grafana-1     | logger=migrator t=2026-02-02T10:46:42.978639233Z level=info msg="Executing migration" id="file table idx: path natural pk"
grafana-1     | logger=migrator t=2026-02-02T10:46:42.979465217Z level=info msg="Migration successfully executed" id="file table idx: path natural pk" duration=826.095µs
grafana-1     | logger=migrator t=2026-02-02T10:46:42.987725257Z level=info msg="Executing migration" id="file table idx: parent_folder_path_hash fast folder retrieval"
grafana-1     | logger=migrator t=2026-02-02T10:46:42.988889681Z level=info msg="Migration successfully executed" id="file table idx: parent_folder_path_hash fast folder retrieval" duration=1.16557ms
grafana-1     | logger=migrator t=2026-02-02T10:46:42.996923228Z level=info msg="Executing migration" id="create file_meta table"
grafana-1     | logger=migrator t=2026-02-02T10:46:42.997547038Z level=info msg="Migration successfully executed" id="create file_meta table" duration=623.164µs
grafana-1     | logger=migrator t=2026-02-02T10:46:43.003359774Z level=info msg="Executing migration" id="file table idx: path key"
grafana-1     | logger=migrator t=2026-02-02T10:46:43.004191596Z level=info msg="Migration successfully executed" id="file table idx: path key" duration=831.127µs
grafana-1     | logger=migrator t=2026-02-02T10:46:43.011396522Z level=info msg="Executing migration" id="set path collation in file table"
grafana-1     | logger=migrator t=2026-02-02T10:46:43.011431092Z level=info msg="Migration successfully executed" id="set path collation in file table" duration=37.026µs
grafana-1     | logger=migrator t=2026-02-02T10:46:43.01766576Z level=info msg="Executing migration" id="migrate contents column to mediumblob for MySQL"
grafana-1     | logger=migrator t=2026-02-02T10:46:43.01770184Z level=info msg="Migration successfully executed" id="migrate contents column to mediumblob for MySQL" duration=38.382µs
grafana-1     | logger=migrator t=2026-02-02T10:46:43.023268968Z level=info msg="Executing migration" id="drop my_row_id and add primary key to file table if my_row_id exists (auto-generated mysql column)"
grafana-1     | logger=migrator t=2026-02-02T10:46:43.023544919Z level=warn msg="Skipping migration: Already executed, but not recorded in migration log" id="drop my_row_id and add primary key to file table if my_row_id exists (auto-generated mysql column)"
grafana-1     | logger=migrator t=2026-02-02T10:46:43.029548033Z level=info msg="Executing migration" id="drop file_path unique index from file table if it exists (mysql)"
grafana-1     | logger=migrator t=2026-02-02T10:46:43.02988358Z level=info msg="Migration successfully executed" id="drop file_path unique index from file table if it exists (mysql)" duration=337.387µs
grafana-1     | logger=migrator t=2026-02-02T10:46:43.035600317Z level=info msg="Executing migration" id="add primary key to file table if it doesn't exist (mysql)"
grafana-1     | logger=migrator t=2026-02-02T10:46:43.035632283Z level=info msg="Migration successfully executed" id="add primary key to file table if it doesn't exist (mysql)" duration=33.565µs
grafana-1     | logger=migrator t=2026-02-02T10:46:43.041407521Z level=info msg="Executing migration" id="add primary key to file table (postgres and sqlite)"
grafana-1     | logger=migrator t=2026-02-02T10:46:43.052546706Z level=info msg="Migration successfully executed" id="add primary key to file table (postgres and sqlite)" duration=11.136696ms
grafana-1     | logger=migrator t=2026-02-02T10:46:43.058707325Z level=info msg="Executing migration" id="drop my_row_id and add primary key to file_meta table if my_row_id exists (auto-generated mysql column)"
grafana-1     | logger=migrator t=2026-02-02T10:46:43.058958019Z level=warn msg="Skipping migration: Already executed, but not recorded in migration log" id="drop my_row_id and add primary key to file_meta table if my_row_id exists (auto-generated mysql column)"
grafana-1     | logger=migrator t=2026-02-02T10:46:43.064749919Z level=info msg="Executing migration" id="drop file_path unique index from file_meta table if it exists (mysql)"
grafana-1     | logger=migrator t=2026-02-02T10:46:43.065092775Z level=info msg="Migration successfully executed" id="drop file_path unique index from file_meta table if it exists (mysql)" duration=345.19µs
grafana-1     | logger=migrator t=2026-02-02T10:46:43.071131422Z level=info msg="Executing migration" id="add primary key to file_meta table if it doesn't exist (mysql)"
grafana-1     | logger=migrator t=2026-02-02T10:46:43.071270334Z level=info msg="Migration successfully executed" id="add primary key to file_meta table if it doesn't exist (mysql)" duration=140.898µs
grafana-1     | logger=migrator t=2026-02-02T10:46:43.076922887Z level=info msg="Executing migration" id="add primary key to file_meta table (postgres and sqlite)"
grafana-1     | logger=migrator t=2026-02-02T10:46:43.086645356Z level=info msg="Migration successfully executed" id="add primary key to file_meta table (postgres and sqlite)" duration=9.719753ms
grafana-1     | logger=migrator t=2026-02-02T10:46:43.092717172Z level=info msg="Executing migration" id="managed permissions migration"
grafana-1     | logger=migrator t=2026-02-02T10:46:43.093126708Z level=info msg="Migration successfully executed" id="managed permissions migration" duration=413.561µs
grafana-1     | logger=migrator t=2026-02-02T10:46:43.099200807Z level=info msg="Executing migration" id="managed folder permissions alert actions migration"
grafana-1     | logger=migrator t=2026-02-02T10:46:43.099428691Z level=info msg="Migration successfully executed" id="managed folder permissions alert actions migration" duration=229.406µs
grafana-1     | logger=migrator t=2026-02-02T10:46:43.105377804Z level=info msg="Executing migration" id="RBAC action name migrator"
grafana-1     | logger=migrator t=2026-02-02T10:46:43.106281553Z level=info msg="Migration successfully executed" id="RBAC action name migrator" duration=906.211µs
grafana-1     | logger=migrator t=2026-02-02T10:46:43.112273692Z level=info msg="Executing migration" id="Add UID column to playlist"
grafana-1     | logger=migrator t=2026-02-02T10:46:43.115635544Z level=info msg="Migration successfully executed" id="Add UID column to playlist" duration=3.360675ms
grafana-1     | logger=migrator t=2026-02-02T10:46:43.121489516Z level=info msg="Executing migration" id="Update uid column values in playlist"
grafana-1     | logger=migrator t=2026-02-02T10:46:43.121670538Z level=info msg="Migration successfully executed" id="Update uid column values in playlist" duration=182.95µs
grafana-1     | logger=migrator t=2026-02-02T10:46:43.127566102Z level=info msg="Executing migration" id="Add index for uid in playlist"
grafana-1     | logger=migrator t=2026-02-02T10:46:43.128319797Z level=info msg="Migration successfully executed" id="Add index for uid in playlist" duration=754.981µs
grafana-1     | logger=migrator t=2026-02-02T10:46:43.134570188Z level=info msg="Executing migration" id="update group index for alert rules"
grafana-1     | logger=migrator t=2026-02-02T10:46:43.134939027Z level=info msg="Migration successfully executed" id="update group index for alert rules" duration=370.49µs
grafana-1     | logger=migrator t=2026-02-02T10:46:43.140952939Z level=info msg="Executing migration" id="managed folder permissions alert actions repeated migration"
grafana-1     | logger=migrator t=2026-02-02T10:46:43.141179975Z level=info msg="Migration successfully executed" id="managed folder permissions alert actions repeated migration" duration=228.714µs
grafana-1     | logger=migrator t=2026-02-02T10:46:43.147438871Z level=info msg="Executing migration" id="admin only folder/dashboard permission"
grafana-1     | logger=migrator t=2026-02-02T10:46:43.147840463Z level=info msg="Migration successfully executed" id="admin only folder/dashboard permission" duration=402.592µs
grafana-1     | logger=migrator t=2026-02-02T10:46:43.153556309Z level=info msg="Executing migration" id="add action column to seed_assignment"
grafana-1     | logger=migrator t=2026-02-02T10:46:43.15708122Z level=info msg="Migration successfully executed" id="add action column to seed_assignment" duration=3.52438ms
grafana-1     | logger=migrator t=2026-02-02T10:46:43.163105218Z level=info msg="Executing migration" id="add scope column to seed_assignment"
grafana-1     | logger=migrator t=2026-02-02T10:46:43.166319292Z level=info msg="Migration successfully executed" id="add scope column to seed_assignment" duration=3.209857ms
grafana-1     | logger=migrator t=2026-02-02T10:46:43.172172572Z level=info msg="Executing migration" id="remove unique index builtin_role_role_name before nullable update"
grafana-1     | logger=migrator t=2026-02-02T10:46:43.172890066Z level=info msg="Migration successfully executed" id="remove unique index builtin_role_role_name before nullable update" duration=718.29µs
grafana-1     | logger=migrator t=2026-02-02T10:46:43.178639424Z level=info msg="Executing migration" id="update seed_assignment role_name column to nullable"
grafana-1     | logger=migrator t=2026-02-02T10:46:43.209234069Z level=info msg="Migration successfully executed" id="update seed_assignment role_name column to nullable" duration=30.591569ms
grafana-1     | logger=migrator t=2026-02-02T10:46:43.217296152Z level=info msg="Executing migration" id="add unique index builtin_role_name back"
grafana-1     | logger=migrator t=2026-02-02T10:46:43.218014975Z level=info msg="Migration successfully executed" id="add unique index builtin_role_name back" duration=719.756µs
grafana-1     | logger=migrator t=2026-02-02T10:46:43.226330938Z level=info msg="Executing migration" id="add unique index builtin_role_action_scope"
grafana-1     | logger=migrator t=2026-02-02T10:46:43.227043861Z level=info msg="Migration successfully executed" id="add unique index builtin_role_action_scope" duration=713.072µs
grafana-1     | logger=migrator t=2026-02-02T10:46:43.232897472Z level=info msg="Executing migration" id="add primary key to seed_assigment"
grafana-1     | logger=migrator t=2026-02-02T10:46:43.24349154Z level=info msg="Migration successfully executed" id="add primary key to seed_assigment" duration=10.591208ms
grafana-1     | logger=migrator t=2026-02-02T10:46:43.24949048Z level=info msg="Executing migration" id="add origin column to seed_assignment"
grafana-1     | logger=migrator t=2026-02-02T10:46:43.252803185Z level=info msg="Migration successfully executed" id="add origin column to seed_assignment" duration=3.31273ms
grafana-1     | logger=migrator t=2026-02-02T10:46:43.258887164Z level=info msg="Executing migration" id="add origin to plugin seed_assignment"
grafana-1     | logger=migrator t=2026-02-02T10:46:43.259113037Z level=info msg="Migration successfully executed" id="add origin to plugin seed_assignment" duration=226.867µs
grafana-1     | logger=migrator t=2026-02-02T10:46:43.265497768Z level=info msg="Executing migration" id="prevent seeding OnCall access"
grafana-1     | logger=migrator t=2026-02-02T10:46:43.265797592Z level=info msg="Migration successfully executed" id="prevent seeding OnCall access" duration=302.014µs
grafana-1     | logger=migrator t=2026-02-02T10:46:43.271570305Z level=info msg="Executing migration" id="managed folder permissions alert actions repeated fixed migration"
grafana-1     | logger=migrator t=2026-02-02T10:46:43.271793998Z level=info msg="Migration successfully executed" id="managed folder permissions alert actions repeated fixed migration" duration=225.006µs
grafana-1     | logger=migrator t=2026-02-02T10:46:43.27734981Z level=info msg="Executing migration" id="managed folder permissions library panel actions migration"
grafana-1     | logger=migrator t=2026-02-02T10:46:43.277758785Z level=info msg="Migration successfully executed" id="managed folder permissions library panel actions migration" duration=409.907µs
grafana-1     | logger=migrator t=2026-02-02T10:46:43.2834893Z level=info msg="Executing migration" id="migrate external alertmanagers to datsourcse"
grafana-1     | logger=migrator t=2026-02-02T10:46:43.283709639Z level=info msg="Migration successfully executed" id="migrate external alertmanagers to datsourcse" duration=221.266µs
grafana-1     | logger=migrator t=2026-02-02T10:46:43.289408964Z level=info msg="Executing migration" id="create folder table"
grafana-1     | logger=migrator t=2026-02-02T10:46:43.290025586Z level=info msg="Migration successfully executed" id="create folder table" duration=615.988µs
grafana-1     | logger=migrator t=2026-02-02T10:46:43.2957225Z level=info msg="Executing migration" id="Add index for parent_uid"
grafana-1     | logger=migrator t=2026-02-02T10:46:43.296497347Z level=info msg="Migration successfully executed" id="Add index for parent_uid" duration=774.431µs
grafana-1     | logger=migrator t=2026-02-02T10:46:43.302324593Z level=info msg="Executing migration" id="Add unique index for folder.uid and folder.org_id"
grafana-1     | logger=migrator t=2026-02-02T10:46:43.303076575Z level=info msg="Migration successfully executed" id="Add unique index for folder.uid and folder.org_id" duration=752.606µs
grafana-1     | logger=migrator t=2026-02-02T10:46:43.309045364Z level=info msg="Executing migration" id="Update folder title length"
grafana-1     | logger=migrator t=2026-02-02T10:46:43.309084916Z level=info msg="Migration successfully executed" id="Update folder title length" duration=41.424µs
grafana-1     | logger=migrator t=2026-02-02T10:46:43.314833645Z level=info msg="Executing migration" id="Add unique index for folder.title and folder.parent_uid"
grafana-1     | logger=migrator t=2026-02-02T10:46:43.315629017Z level=info msg="Migration successfully executed" id="Add unique index for folder.title and folder.parent_uid" duration=794.51µs
grafana-1     | logger=migrator t=2026-02-02T10:46:43.321473774Z level=info msg="Executing migration" id="Remove unique index for folder.title and folder.parent_uid"
grafana-1     | logger=migrator t=2026-02-02T10:46:43.322156698Z level=info msg="Migration successfully executed" id="Remove unique index for folder.title and folder.parent_uid" duration=683.402µs
grafana-1     | logger=migrator t=2026-02-02T10:46:43.333073852Z level=info msg="Executing migration" id="Add unique index for title, parent_uid, and org_id"
grafana-1     | logger=migrator t=2026-02-02T10:46:43.333852849Z level=info msg="Migration successfully executed" id="Add unique index for title, parent_uid, and org_id" duration=776.091µs
grafana-1     | logger=migrator t=2026-02-02T10:46:43.339628777Z level=info msg="Executing migration" id="Sync dashboard and folder table"
grafana-1     | logger=migrator t=2026-02-02T10:46:43.33997793Z level=info msg="Migration successfully executed" id="Sync dashboard and folder table" duration=349.276µs
grafana-1     | logger=migrator t=2026-02-02T10:46:43.34593429Z level=info msg="Executing migration" id="Remove ghost folders from the folder table"
grafana-1     | logger=migrator t=2026-02-02T10:46:43.346175574Z level=info msg="Migration successfully executed" id="Remove ghost folders from the folder table" duration=242.742µs
grafana-1     | logger=migrator t=2026-02-02T10:46:43.351926583Z level=info msg="Executing migration" id="Remove unique index UQE_folder_uid_org_id"
grafana-1     | logger=migrator t=2026-02-02T10:46:43.352870366Z level=info msg="Migration successfully executed" id="Remove unique index UQE_folder_uid_org_id" duration=944.635µs
grafana-1     | logger=migrator t=2026-02-02T10:46:43.358370054Z level=info msg="Executing migration" id="Add unique index UQE_folder_org_id_uid"
grafana-1     | logger=migrator t=2026-02-02T10:46:43.359205697Z level=info msg="Migration successfully executed" id="Add unique index UQE_folder_org_id_uid" duration=835.251µs
grafana-1     | logger=migrator t=2026-02-02T10:46:43.365153367Z level=info msg="Executing migration" id="Remove unique index UQE_folder_title_parent_uid_org_id"
grafana-1     | logger=migrator t=2026-02-02T10:46:43.365834519Z level=info msg="Migration successfully executed" id="Remove unique index UQE_folder_title_parent_uid_org_id" duration=681.278µs
grafana-1     | logger=migrator t=2026-02-02T10:46:43.371775673Z level=info msg="Executing migration" id="Add unique index UQE_folder_org_id_parent_uid_title"
grafana-1     | logger=migrator t=2026-02-02T10:46:43.372557081Z level=info msg="Migration successfully executed" id="Add unique index UQE_folder_org_id_parent_uid_title" duration=781.34µs
grafana-1     | logger=migrator t=2026-02-02T10:46:43.378496887Z level=info msg="Executing migration" id="Remove index IDX_folder_parent_uid_org_id"
grafana-1     | logger=migrator t=2026-02-02T10:46:43.379340616Z level=info msg="Migration successfully executed" id="Remove index IDX_folder_parent_uid_org_id" duration=842.927µs
grafana-1     | logger=migrator t=2026-02-02T10:46:43.385298381Z level=info msg="Executing migration" id="Remove unique index UQE_folder_org_id_parent_uid_title"
grafana-1     | logger=migrator t=2026-02-02T10:46:43.386033573Z level=info msg="Migration successfully executed" id="Remove unique index UQE_folder_org_id_parent_uid_title" duration=734.639µs
grafana-1     | logger=migrator t=2026-02-02T10:46:43.391838102Z level=info msg="Executing migration" id="Add index IDX_folder_org_id_parent_uid"
grafana-1     | logger=migrator t=2026-02-02T10:46:43.39262726Z level=info msg="Migration successfully executed" id="Add index IDX_folder_org_id_parent_uid" duration=788.419µs
grafana-1     | logger=migrator t=2026-02-02T10:46:43.400278273Z level=info msg="Executing migration" id="create anon_device table"
grafana-1     | logger=migrator t=2026-02-02T10:46:43.400889831Z level=info msg="Migration successfully executed" id="create anon_device table" duration=611.557µs
grafana-1     | logger=migrator t=2026-02-02T10:46:43.407444785Z level=info msg="Executing migration" id="add unique index anon_device.device_id"
grafana-1     | logger=migrator t=2026-02-02T10:46:43.408221178Z level=info msg="Migration successfully executed" id="add unique index anon_device.device_id" duration=776.652µs
grafana-1     | logger=migrator t=2026-02-02T10:46:43.414424724Z level=info msg="Executing migration" id="add index anon_device.updated_at"
grafana-1     | logger=migrator t=2026-02-02T10:46:43.415234518Z level=info msg="Migration successfully executed" id="add index anon_device.updated_at" duration=809.297µs
grafana-1     | logger=migrator t=2026-02-02T10:46:43.421545038Z level=info msg="Executing migration" id="create signing_key table"
grafana-1     | logger=migrator t=2026-02-02T10:46:43.422104919Z level=info msg="Migration successfully executed" id="create signing_key table" duration=556.832µs
grafana-1     | logger=migrator t=2026-02-02T10:46:43.427769237Z level=info msg="Executing migration" id="add unique index signing_key.key_id"
grafana-1     | logger=migrator t=2026-02-02T10:46:43.428511956Z level=info msg="Migration successfully executed" id="add unique index signing_key.key_id" duration=742.663µs
grafana-1     | logger=migrator t=2026-02-02T10:46:43.434108486Z level=info msg="Executing migration" id="set legacy alert migration status in kvstore"
grafana-1     | logger=migrator t=2026-02-02T10:46:43.434784714Z level=info msg="Migration successfully executed" id="set legacy alert migration status in kvstore" duration=676.668µs
grafana-1     | logger=migrator t=2026-02-02T10:46:43.442865115Z level=info msg="Executing migration" id="migrate record of created folders during legacy migration to kvstore"
grafana-1     | logger=migrator t=2026-02-02T10:46:43.443178812Z level=info msg="Migration successfully executed" id="migrate record of created folders during legacy migration to kvstore" duration=313.907µs
grafana-1     | logger=migrator t=2026-02-02T10:46:43.44904644Z level=info msg="Executing migration" id="Add folder_uid for dashboard"
grafana-1     | logger=migrator t=2026-02-02T10:46:43.452595166Z level=info msg="Migration successfully executed" id="Add folder_uid for dashboard" duration=3.546959ms
grafana-1     | logger=migrator t=2026-02-02T10:46:43.458883068Z level=info msg="Executing migration" id="Populate dashboard folder_uid column"
grafana-1     | logger=migrator t=2026-02-02T10:46:43.459450918Z level=info msg="Migration successfully executed" id="Populate dashboard folder_uid column" duration=570.465µs
grafana-1     | logger=migrator t=2026-02-02T10:46:43.465299405Z level=info msg="Executing migration" id="Add unique index for dashboard_org_id_folder_uid_title"
grafana-1     | logger=migrator t=2026-02-02T10:46:43.465331061Z level=info msg="Migration successfully executed" id="Add unique index for dashboard_org_id_folder_uid_title" duration=34.456µs
grafana-1     | logger=migrator t=2026-02-02T10:46:43.47225Z level=info msg="Executing migration" id="Delete unique index for dashboard_org_id_folder_id_title"
grafana-1     | logger=migrator t=2026-02-02T10:46:43.473000473Z level=info msg="Migration successfully executed" id="Delete unique index for dashboard_org_id_folder_id_title" duration=750.325µs
grafana-1     | logger=migrator t=2026-02-02T10:46:43.478958368Z level=info msg="Executing migration" id="Delete unique index for dashboard_org_id_folder_uid_title"
grafana-1     | logger=migrator t=2026-02-02T10:46:43.478988071Z level=info msg="Migration successfully executed" id="Delete unique index for dashboard_org_id_folder_uid_title" duration=32.266µs
grafana-1     | logger=migrator t=2026-02-02T10:46:43.485006909Z level=info msg="Executing migration" id="Add unique index for dashboard_org_id_folder_uid_title_is_folder"
grafana-1     | logger=migrator t=2026-02-02T10:46:43.485785722Z level=info msg="Migration successfully executed" id="Add unique index for dashboard_org_id_folder_uid_title_is_folder" duration=777.25µs
grafana-1     | logger=migrator t=2026-02-02T10:46:43.49158869Z level=info msg="Executing migration" id="Restore index for dashboard_org_id_folder_id_title"
grafana-1     | logger=migrator t=2026-02-02T10:46:43.492360778Z level=info msg="Migration successfully executed" id="Restore index for dashboard_org_id_folder_id_title" duration=771.515µs
grafana-1     | logger=migrator t=2026-02-02T10:46:43.49838405Z level=info msg="Executing migration" id="Remove unique index for dashboard_org_id_folder_uid_title_is_folder"
grafana-1     | logger=migrator t=2026-02-02T10:46:43.499279925Z level=info msg="Migration successfully executed" id="Remove unique index for dashboard_org_id_folder_uid_title_is_folder" duration=895.585µs
grafana-1     | logger=migrator t=2026-02-02T10:46:43.50591385Z level=info msg="Executing migration" id="create sso_setting table"
grafana-1     | logger=migrator t=2026-02-02T10:46:43.506825834Z level=info msg="Migration successfully executed" id="create sso_setting table" duration=911.71µs
grafana-1     | logger=migrator t=2026-02-02T10:46:43.512496999Z level=info msg="Executing migration" id="update settings column to MEDIUMTEXT"
grafana-1     | logger=migrator t=2026-02-02T10:46:43.512525538Z level=info msg="Migration successfully executed" id="update settings column to MEDIUMTEXT" duration=31.142µs
grafana-1     | logger=migrator t=2026-02-02T10:46:43.518017021Z level=info msg="Executing migration" id="copy kvstore migration status to each org"
grafana-1     | logger=migrator t=2026-02-02T10:46:43.518641403Z level=info msg="Migration successfully executed" id="copy kvstore migration status to each org" duration=627.338µs
grafana-1     | logger=migrator t=2026-02-02T10:46:43.524406175Z level=info msg="Executing migration" id="add back entry for orgid=0 migrated status"
grafana-1     | logger=migrator t=2026-02-02T10:46:43.524604417Z level=info msg="Migration successfully executed" id="add back entry for orgid=0 migrated status" duration=199.224µs
grafana-1     | logger=migrator t=2026-02-02T10:46:43.530014194Z level=info msg="Executing migration" id="managed dashboard permissions annotation actions migration"
grafana-1     | logger=migrator t=2026-02-02T10:46:43.530571014Z level=info msg="Migration successfully executed" id="managed dashboard permissions annotation actions migration" duration=556.692µs
grafana-1     | logger=migrator t=2026-02-02T10:46:43.536618841Z level=info msg="Executing migration" id="create cloud_migration table v1"
grafana-1     | logger=migrator t=2026-02-02T10:46:43.537333236Z level=info msg="Migration successfully executed" id="create cloud_migration table v1" duration=713.367µs
grafana-1     | logger=migrator t=2026-02-02T10:46:43.544177131Z level=info msg="Executing migration" id="create cloud_migration_run table v1"
grafana-1     | logger=migrator t=2026-02-02T10:46:43.544745562Z level=info msg="Migration successfully executed" id="create cloud_migration_run table v1" duration=567.811µs
grafana-1     | logger=migrator t=2026-02-02T10:46:43.550291654Z level=info msg="Executing migration" id="add stack_id column"
grafana-1     | logger=migrator t=2026-02-02T10:46:43.553901224Z level=info msg="Migration successfully executed" id="add stack_id column" duration=3.608103ms
grafana-1     | logger=migrator t=2026-02-02T10:46:43.559994435Z level=info msg="Executing migration" id="add region_slug column"
grafana-1     | logger=migrator t=2026-02-02T10:46:43.563480076Z level=info msg="Migration successfully executed" id="add region_slug column" duration=3.483672ms
grafana-1     | logger=migrator t=2026-02-02T10:46:43.569258404Z level=info msg="Executing migration" id="add cluster_slug column"
grafana-1     | logger=migrator t=2026-02-02T10:46:43.572812681Z level=info msg="Migration successfully executed" id="add cluster_slug column" duration=3.552815ms
grafana-1     | logger=migrator t=2026-02-02T10:46:43.578770243Z level=info msg="Executing migration" id="add migration uid column"
grafana-1     | logger=migrator t=2026-02-02T10:46:43.582098321Z level=info msg="Migration successfully executed" id="add migration uid column" duration=3.331408ms
grafana-1     | logger=migrator t=2026-02-02T10:46:43.587918478Z level=info msg="Executing migration" id="Update uid column values for migration"
grafana-1     | logger=migrator t=2026-02-02T10:46:43.588105995Z level=info msg="Migration successfully executed" id="Update uid column values for migration" duration=189.089µs
grafana-1     | logger=migrator t=2026-02-02T10:46:43.594112868Z level=info msg="Executing migration" id="Add unique index migration_uid"
grafana-1     | logger=migrator t=2026-02-02T10:46:43.594878444Z level=info msg="Migration successfully executed" id="Add unique index migration_uid" duration=765.703µs
grafana-1     | logger=migrator t=2026-02-02T10:46:43.600610285Z level=info msg="Executing migration" id="add migration run uid column"
grafana-1     | logger=migrator t=2026-02-02T10:46:43.604283304Z level=info msg="Migration successfully executed" id="add migration run uid column" duration=3.670278ms
grafana-1     | logger=migrator t=2026-02-02T10:46:43.610082226Z level=info msg="Executing migration" id="Update uid column values for migration run"
grafana-1     | logger=migrator t=2026-02-02T10:46:43.610271008Z level=info msg="Migration successfully executed" id="Update uid column values for migration run" duration=191.137µs
grafana-1     | logger=migrator t=2026-02-02T10:46:43.615798663Z level=info msg="Executing migration" id="Add unique index migration_run_uid"
grafana-1     | logger=migrator t=2026-02-02T10:46:43.616552923Z level=info msg="Migration successfully executed" id="Add unique index migration_run_uid" duration=753.868µs
grafana-1     | logger=migrator t=2026-02-02T10:46:43.622529928Z level=info msg="Executing migration" id="Rename table cloud_migration to cloud_migration_session_tmp_qwerty - v1"
grafana-1     | logger=migrator t=2026-02-02T10:46:43.632101623Z level=info msg="Migration successfully executed" id="Rename table cloud_migration to cloud_migration_session_tmp_qwerty - v1" duration=9.570148ms
grafana-1     | logger=migrator t=2026-02-02T10:46:43.638219343Z level=info msg="Executing migration" id="create cloud_migration_session v2"
grafana-1     | logger=migrator t=2026-02-02T10:46:43.638800315Z level=info msg="Migration successfully executed" id="create cloud_migration_session v2" duration=581.584µs
grafana-1     | logger=migrator t=2026-02-02T10:46:43.644743402Z level=info msg="Executing migration" id="create index UQE_cloud_migration_session_uid - v2"
grafana-1     | logger=migrator t=2026-02-02T10:46:43.645655352Z level=info msg="Migration successfully executed" id="create index UQE_cloud_migration_session_uid - v2" duration=912.501µs
grafana-1     | logger=migrator t=2026-02-02T10:46:43.651551447Z level=info msg="Executing migration" id="copy cloud_migration_session v1 to v2"
grafana-1     | logger=migrator t=2026-02-02T10:46:43.65184789Z level=info msg="Migration successfully executed" id="copy cloud_migration_session v1 to v2" duration=297.226µs
grafana-1     | logger=migrator t=2026-02-02T10:46:43.65775432Z level=info msg="Executing migration" id="drop cloud_migration_session_tmp_qwerty"
grafana-1     | logger=migrator t=2026-02-02T10:46:43.658337706Z level=info msg="Migration successfully executed" id="drop cloud_migration_session_tmp_qwerty" duration=582.148µs
grafana-1     | logger=migrator t=2026-02-02T10:46:43.665353154Z level=info msg="Executing migration" id="Rename table cloud_migration_run to cloud_migration_snapshot_tmp_qwerty - v1"
grafana-1     | logger=migrator t=2026-02-02T10:46:43.674734508Z level=info msg="Migration successfully executed" id="Rename table cloud_migration_run to cloud_migration_snapshot_tmp_qwerty - v1" duration=9.378696ms
grafana-1     | logger=migrator t=2026-02-02T10:46:43.680683885Z level=info msg="Executing migration" id="create cloud_migration_snapshot v2"
grafana-1     | logger=migrator t=2026-02-02T10:46:43.68139695Z level=info msg="Migration successfully executed" id="create cloud_migration_snapshot v2" duration=712.228µs
grafana-1     | logger=migrator t=2026-02-02T10:46:43.687130481Z level=info msg="Executing migration" id="create index UQE_cloud_migration_snapshot_uid - v2"
grafana-1     | logger=migrator t=2026-02-02T10:46:43.687914727Z level=info msg="Migration successfully executed" id="create index UQE_cloud_migration_snapshot_uid - v2" duration=783.505µs
grafana-1     | logger=migrator t=2026-02-02T10:46:43.693540782Z level=info msg="Executing migration" id="copy cloud_migration_snapshot v1 to v2"
grafana-1     | logger=migrator t=2026-02-02T10:46:43.69382877Z level=info msg="Migration successfully executed" id="copy cloud_migration_snapshot v1 to v2" duration=288.404µs
grafana-1     | logger=migrator t=2026-02-02T10:46:43.701056018Z level=info msg="Executing migration" id="drop cloud_migration_snapshot_tmp_qwerty"
grafana-1     | logger=migrator t=2026-02-02T10:46:43.701646234Z level=info msg="Migration successfully executed" id="drop cloud_migration_snapshot_tmp_qwerty" duration=589.226µs
grafana-1     | logger=migrator t=2026-02-02T10:46:43.70747217Z level=info msg="Executing migration" id="add snapshot upload_url column"
grafana-1     | logger=migrator t=2026-02-02T10:46:43.711223797Z level=info msg="Migration successfully executed" id="add snapshot upload_url column" duration=3.751797ms
grafana-1     | logger=migrator t=2026-02-02T10:46:43.717413137Z level=info msg="Executing migration" id="add snapshot status column"
grafana-1     | logger=migrator t=2026-02-02T10:46:43.721034518Z level=info msg="Migration successfully executed" id="add snapshot status column" duration=3.620046ms
grafana-1     | logger=migrator t=2026-02-02T10:46:43.727168552Z level=info msg="Executing migration" id="add snapshot local_directory column"
grafana-1     | logger=migrator t=2026-02-02T10:46:43.730563673Z level=info msg="Migration successfully executed" id="add snapshot local_directory column" duration=3.38845ms
grafana-1     | logger=migrator t=2026-02-02T10:46:43.736342435Z level=info msg="Executing migration" id="add snapshot gms_snapshot_uid column"
grafana-1     | logger=migrator t=2026-02-02T10:46:43.739715888Z level=info msg="Migration successfully executed" id="add snapshot gms_snapshot_uid column" duration=3.372666ms
grafana-1     | logger=migrator t=2026-02-02T10:46:43.745622877Z level=info msg="Executing migration" id="add snapshot encryption_key column"
grafana-1     | logger=migrator t=2026-02-02T10:46:43.749265116Z level=info msg="Migration successfully executed" id="add snapshot encryption_key column" duration=3.64026ms
grafana-1     | logger=migrator t=2026-02-02T10:46:43.754999576Z level=info msg="Executing migration" id="add snapshot error_string column"
grafana-1     | logger=migrator t=2026-02-02T10:46:43.758750326Z level=info msg="Migration successfully executed" id="add snapshot error_string column" duration=3.742662ms
grafana-1     | logger=migrator t=2026-02-02T10:46:43.764825492Z level=info msg="Executing migration" id="create cloud_migration_resource table v1"
grafana-1     | logger=migrator t=2026-02-02T10:46:43.765418Z level=info msg="Migration successfully executed" id="create cloud_migration_resource table v1" duration=595.916µs
grafana-1     | logger=migrator t=2026-02-02T10:46:43.77143923Z level=info msg="Executing migration" id="delete cloud_migration_snapshot.result column"
grafana-1     | logger=migrator t=2026-02-02T10:46:43.785056082Z level=info msg="Migration successfully executed" id="delete cloud_migration_snapshot.result column" duration=13.613808ms
grafana-1     | logger=migrator t=2026-02-02T10:46:43.791507576Z level=info msg="Executing migration" id="add cloud_migration_resource.name column"
grafana-1     | logger=migrator t=2026-02-02T10:46:43.795168012Z level=info msg="Migration successfully executed" id="add cloud_migration_resource.name column" duration=3.639013ms
grafana-1     | logger=migrator t=2026-02-02T10:46:43.801708421Z level=info msg="Executing migration" id="add cloud_migration_resource.parent_name column"
grafana-1     | logger=migrator t=2026-02-02T10:46:43.805509664Z level=info msg="Migration successfully executed" id="add cloud_migration_resource.parent_name column" duration=3.800749ms
grafana-1     | logger=migrator t=2026-02-02T10:46:43.811181577Z level=info msg="Executing migration" id="add cloud_migration_session.org_id column"
grafana-1     | logger=migrator t=2026-02-02T10:46:43.814560489Z level=info msg="Migration successfully executed" id="add cloud_migration_session.org_id column" duration=3.378234ms
grafana-1     | logger=migrator t=2026-02-02T10:46:43.820047991Z level=info msg="Executing migration" id="add cloud_migration_resource.error_code column"
grafana-1     | logger=migrator t=2026-02-02T10:46:43.823568372Z level=info msg="Migration successfully executed" id="add cloud_migration_resource.error_code column" duration=3.518048ms
grafana-1     | logger=migrator t=2026-02-02T10:46:43.829202619Z level=info msg="Executing migration" id="increase resource_uid column length"
grafana-1     | logger=migrator t=2026-02-02T10:46:43.829233901Z level=info msg="Migration successfully executed" id="increase resource_uid column length" duration=33.722µs
grafana-1     | logger=migrator t=2026-02-02T10:46:43.83502466Z level=info msg="Executing migration" id="create cloud_migration_snapshot_partition table v1"
grafana-1     | logger=migrator t=2026-02-02T10:46:43.835640547Z level=info msg="Migration successfully executed" id="create cloud_migration_snapshot_partition table v1" duration=616.279µs
grafana-1     | logger=migrator t=2026-02-02T10:46:43.843993Z level=info msg="Executing migration" id="add cloud_migration_snapshot_partition srp_unique index"
grafana-1     | logger=migrator t=2026-02-02T10:46:43.844776846Z level=info msg="Migration successfully executed" id="add cloud_migration_snapshot_partition srp_unique index" duration=783.477µs
grafana-1     | logger=migrator t=2026-02-02T10:46:43.850675201Z level=info msg="Executing migration" id="add resource_storage_type column to cloud_migration_snapshot table"
grafana-1     | logger=migrator t=2026-02-02T10:46:43.854727677Z level=info msg="Migration successfully executed" id="add resource_storage_type column to cloud_migration_snapshot table" duration=4.049891ms
grafana-1     | logger=migrator t=2026-02-02T10:46:43.86076493Z level=info msg="Executing migration" id="add encryption_algo column to cloud_migration_snapshot table"
grafana-1     | logger=migrator t=2026-02-02T10:46:43.864228631Z level=info msg="Migration successfully executed" id="add encryption_algo column to cloud_migration_snapshot table" duration=3.466112ms
grafana-1     | logger=migrator t=2026-02-02T10:46:43.870083524Z level=info msg="Executing migration" id="add metadata column to cloud_migration_snapshot table"
grafana-1     | logger=migrator t=2026-02-02T10:46:43.873844Z level=info msg="Migration successfully executed" id="add metadata column to cloud_migration_snapshot table" duration=3.759199ms
grafana-1     | logger=migrator t=2026-02-02T10:46:43.879696343Z level=info msg="Executing migration" id="add public_key column to cloud_migration_snapshot table"
grafana-1     | logger=migrator t=2026-02-02T10:46:43.883413892Z level=info msg="Migration successfully executed" id="add public_key column to cloud_migration_snapshot table" duration=3.722797ms
grafana-1     | logger=migrator t=2026-02-02T10:46:43.889128352Z level=info msg="Executing migration" id="drop my_row_id and add primary key with columns snapshot_uid,resource_type,partition_number to table cloud_migration_snapshot_partition if my_row_id exists (auto-generated mysql column)"
grafana-1     | logger=migrator t=2026-02-02T10:46:43.88938507Z level=warn msg="Skipping migration: Already executed, but not recorded in migration log" id="drop my_row_id and add primary key with columns snapshot_uid,resource_type,partition_number to table cloud_migration_snapshot_partition if my_row_id exists (auto-generated mysql column)"
grafana-1     | logger=migrator t=2026-02-02T10:46:43.895265871Z level=info msg="Executing migration" id="drop unique index UQE_cloud_migration_snapshot_partition_srp_unique from cloud_migration_snapshot_partition table if it exists (mysql)"
grafana-1     | logger=migrator t=2026-02-02T10:46:43.895608239Z level=info msg="Migration successfully executed" id="drop unique index UQE_cloud_migration_snapshot_partition_srp_unique from cloud_migration_snapshot_partition table if it exists (mysql)" duration=345.035µs
grafana-1     | logger=migrator t=2026-02-02T10:46:43.901568824Z level=info msg="Executing migration" id="add primary key with columns snapshot_uid,resource_type,partition_number to table cloud_migration_snapshot_partition if it doesn't exist (mysql)"
grafana-1     | logger=migrator t=2026-02-02T10:46:43.90161242Z level=info msg="Migration successfully executed" id="add primary key with columns snapshot_uid,resource_type,partition_number to table cloud_migration_snapshot_partition if it doesn't exist (mysql)" duration=46.399µs
grafana-1     | logger=migrator t=2026-02-02T10:46:43.907500456Z level=info msg="Executing migration" id="add primary key with columns snapshot_uid,resource_type,partition_number to table cloud_migration_snapshot_partition (postgres and sqlite)"
grafana-1     | logger=migrator t=2026-02-02T10:46:43.918217682Z level=info msg="Migration successfully executed" id="add primary key with columns snapshot_uid,resource_type,partition_number to table cloud_migration_snapshot_partition (postgres and sqlite)" duration=10.715151ms
grafana-1     | logger=migrator t=2026-02-02T10:46:43.924375583Z level=info msg="Executing migration" id="alter kv_store.value to longtext"
grafana-1     | logger=migrator t=2026-02-02T10:46:43.92440763Z level=info msg="Migration successfully executed" id="alter kv_store.value to longtext" duration=33.96µs
grafana-1     | logger=migrator t=2026-02-02T10:46:43.930167209Z level=info msg="Executing migration" id="add notification_settings column to alert_rule table"
grafana-1     | logger=migrator t=2026-02-02T10:46:43.933833845Z level=info msg="Migration successfully executed" id="add notification_settings column to alert_rule table" duration=3.666088ms
grafana-1     | logger=migrator t=2026-02-02T10:46:43.940009194Z level=info msg="Executing migration" id="add notification_settings column to alert_rule_version table"
grafana-1     | logger=migrator t=2026-02-02T10:46:43.94361603Z level=info msg="Migration successfully executed" id="add notification_settings column to alert_rule_version table" duration=3.605919ms
grafana-1     | logger=migrator t=2026-02-02T10:46:43.949864053Z level=info msg="Executing migration" id="removing scope from alert.instances:read action migration"
grafana-1     | logger=migrator t=2026-02-02T10:46:43.950180203Z level=info msg="Migration successfully executed" id="removing scope from alert.instances:read action migration" duration=316.294µs
grafana-1     | logger=migrator t=2026-02-02T10:46:43.956107297Z level=info msg="Executing migration" id="managed folder permissions alerting silences actions migration"
grafana-1     | logger=migrator t=2026-02-02T10:46:43.956363578Z level=info msg="Migration successfully executed" id="managed folder permissions alerting silences actions migration" duration=257.689µs
grafana-1     | logger=migrator t=2026-02-02T10:46:43.961964375Z level=info msg="Executing migration" id="add record column to alert_rule table"
grafana-1     | logger=migrator t=2026-02-02T10:46:43.965731344Z level=info msg="Migration successfully executed" id="add record column to alert_rule table" duration=3.7655ms
grafana-1     | logger=migrator t=2026-02-02T10:46:43.971732392Z level=info msg="Executing migration" id="add record column to alert_rule_version table"
grafana-1     | logger=migrator t=2026-02-02T10:46:43.9753778Z level=info msg="Migration successfully executed" id="add record column to alert_rule_version table" duration=3.642773ms
grafana-1     | logger=migrator t=2026-02-02T10:46:43.981543198Z level=info msg="Executing migration" id="add resolved_at column to alert_instance table"
grafana-1     | logger=migrator t=2026-02-02T10:46:43.985139032Z level=info msg="Migration successfully executed" id="add resolved_at column to alert_instance table" duration=3.594573ms
grafana-1     | logger=migrator t=2026-02-02T10:46:43.991162335Z level=info msg="Executing migration" id="add last_sent_at column to alert_instance table"
grafana-1     | logger=migrator t=2026-02-02T10:46:43.995065651Z level=info msg="Migration successfully executed" id="add last_sent_at column to alert_instance table" duration=3.893088ms
grafana-1     | logger=migrator t=2026-02-02T10:46:44.001274278Z level=info msg="Executing migration" id="Add scope to alert.notifications.receivers:read and alert.notifications.receivers.secrets:read"
grafana-1     | logger=migrator t=2026-02-02T10:46:44.001699601Z level=info msg="Migration successfully executed" id="Add scope to alert.notifications.receivers:read and alert.notifications.receivers.secrets:read" duration=425.375µs
grafana-1     | logger=migrator t=2026-02-02T10:46:44.006963465Z level=info msg="Executing migration" id="add metadata column to alert_rule table"
grafana-1     | logger=migrator t=2026-02-02T10:46:44.010217095Z level=info msg="Migration successfully executed" id="add metadata column to alert_rule table" duration=3.25288ms
grafana-1     | logger=migrator t=2026-02-02T10:46:44.01554009Z level=info msg="Executing migration" id="add metadata column to alert_rule_version table"
grafana-1     | logger=migrator t=2026-02-02T10:46:44.019007136Z level=info msg="Migration successfully executed" id="add metadata column to alert_rule_version table" duration=3.464762ms
grafana-1     | logger=migrator t=2026-02-02T10:46:44.024529938Z level=info msg="Executing migration" id="delete orphaned service account permissions"
grafana-1     | logger=migrator t=2026-02-02T10:46:44.024700636Z level=info msg="Migration successfully executed" id="delete orphaned service account permissions" duration=171.529µs
grafana-1     | logger=migrator t=2026-02-02T10:46:44.030015938Z level=info msg="Executing migration" id="adding action set permissions"
grafana-1     | logger=migrator t=2026-02-02T10:46:44.030417914Z level=info msg="Migration successfully executed" id="adding action set permissions" duration=397.333µs
grafana-1     | logger=migrator t=2026-02-02T10:46:44.036037812Z level=info msg="Executing migration" id="create user_external_session table"
grafana-1     | logger=migrator t=2026-02-02T10:46:44.036657919Z level=info msg="Migration successfully executed" id="create user_external_session table" duration=619.654µs
grafana-1     | logger=migrator t=2026-02-02T10:46:44.042374703Z level=info msg="Executing migration" id="increase name_id column length to 1024"
grafana-1     | logger=migrator t=2026-02-02T10:46:44.042403445Z level=info msg="Migration successfully executed" id="increase name_id column length to 1024" duration=30.118µs
grafana-1     | logger=migrator t=2026-02-02T10:46:44.048868723Z level=info msg="Executing migration" id="increase session_id column length to 1024"
grafana-1     | logger=migrator t=2026-02-02T10:46:44.048903862Z level=info msg="Migration successfully executed" id="increase session_id column length to 1024" duration=37.745µs
grafana-1     | logger=migrator t=2026-02-02T10:46:44.054649047Z level=info msg="Executing migration" id="remove scope from alert.notifications.receivers:create"
grafana-1     | logger=migrator t=2026-02-02T10:46:44.05494361Z level=info msg="Migration successfully executed" id="remove scope from alert.notifications.receivers:create" duration=290.665µs
grafana-1     | logger=migrator t=2026-02-02T10:46:44.060480291Z level=info msg="Executing migration" id="add created_by column to alert_rule_version table"
grafana-1     | logger=migrator t=2026-02-02T10:46:44.063919834Z level=info msg="Migration successfully executed" id="add created_by column to alert_rule_version table" duration=3.438611ms
grafana-1     | logger=migrator t=2026-02-02T10:46:44.069884172Z level=info msg="Executing migration" id="add updated_by column to alert_rule table"
grafana-1     | logger=migrator t=2026-02-02T10:46:44.073374737Z level=info msg="Migration successfully executed" id="add updated_by column to alert_rule table" duration=3.490791ms
grafana-1     | logger=migrator t=2026-02-02T10:46:44.079035305Z level=info msg="Executing migration" id="add alert_rule_state table"
grafana-1     | logger=migrator t=2026-02-02T10:46:44.079601758Z level=info msg="Migration successfully executed" id="add alert_rule_state table" duration=565.323µs
grafana-1     | logger=migrator t=2026-02-02T10:46:44.085616658Z level=info msg="Executing migration" id="add index to alert_rule_state on org_id and rule_uid columns"
grafana-1     | logger=migrator t=2026-02-02T10:46:44.086432724Z level=info msg="Migration successfully executed" id="add index to alert_rule_state on org_id and rule_uid columns" duration=805.716µs
grafana-1     | logger=migrator t=2026-02-02T10:46:44.092457635Z level=info msg="Executing migration" id="add guid column to alert_rule table"
grafana-1     | logger=migrator t=2026-02-02T10:46:44.096409733Z level=info msg="Migration successfully executed" id="add guid column to alert_rule table" duration=3.951385ms
grafana-1     | logger=migrator t=2026-02-02T10:46:44.102464873Z level=info msg="Executing migration" id="add rule_guid column to alert_rule_version table"
grafana-1     | logger=migrator t=2026-02-02T10:46:44.105996132Z level=info msg="Migration successfully executed" id="add rule_guid column to alert_rule_version table" duration=3.531509ms
grafana-1     | logger=migrator t=2026-02-02T10:46:44.112535323Z level=info msg="Executing migration" id="cleanup alert_rule_version table"
grafana-1     | logger=migrator t=2026-02-02T10:46:44.112572096Z level=info msg="Rule version record limit is not set, fallback to 100" limit=0
grafana-1     | logger=migrator t=2026-02-02T10:46:44.112769832Z level=info msg="Cleaning up table `alert_rule_version`" batchSize=50 batches=0 keepVersions=100
grafana-1     | logger=migrator t=2026-02-02T10:46:44.112801042Z level=info msg="Migration successfully executed" id="cleanup alert_rule_version table" duration=265.776µs
grafana-1     | logger=migrator t=2026-02-02T10:46:44.124573359Z level=info msg="Executing migration" id="populate rule guid in alert rule table"
grafana-1     | logger=migrator t=2026-02-02T10:46:44.125035032Z level=info msg="Migration successfully executed" id="populate rule guid in alert rule table" duration=461.814µs
grafana-1     | logger=migrator t=2026-02-02T10:46:44.131092327Z level=info msg="Executing migration" id="drop index in alert_rule_version table on rule_org_id, rule_uid and version columns"
grafana-1     | logger=migrator t=2026-02-02T10:46:44.13183482Z level=info msg="Migration successfully executed" id="drop index in alert_rule_version table on rule_org_id, rule_uid and version columns" duration=743.152µs
grafana-1     | logger=migrator t=2026-02-02T10:46:44.137695671Z level=info msg="Executing migration" id="add index in alert_rule_version table on rule_org_id, rule_uid, rule_guid and version columns"
grafana-1     | logger=migrator t=2026-02-02T10:46:44.138638444Z level=info msg="Migration successfully executed" id="add index in alert_rule_version table on rule_org_id, rule_uid, rule_guid and version columns" duration=943.712µs
grafana-1     | logger=migrator t=2026-02-02T10:46:44.144554931Z level=info msg="Executing migration" id="add index in alert_rule_version table on rule_guid and version columns"
grafana-1     | logger=migrator t=2026-02-02T10:46:44.145286697Z level=info msg="Migration successfully executed" id="add index in alert_rule_version table on rule_guid and version columns" duration=732.497µs
grafana-1     | logger=migrator t=2026-02-02T10:46:44.151344246Z level=info msg="Executing migration" id="add index in alert_rule table on guid columns"
grafana-1     | logger=migrator t=2026-02-02T10:46:44.152094769Z level=info msg="Migration successfully executed" id="add index in alert_rule table on guid columns" duration=751.45µs
grafana-1     | logger=migrator t=2026-02-02T10:46:44.157848383Z level=info msg="Executing migration" id="add keep_firing_for column to alert_rule"
grafana-1     | logger=migrator t=2026-02-02T10:46:44.161707304Z level=info msg="Migration successfully executed" id="add keep_firing_for column to alert_rule" duration=3.856122ms
grafana-1     | logger=migrator t=2026-02-02T10:46:44.167617498Z level=info msg="Executing migration" id="add keep_firing_for column to alert_rule_version"
grafana-1     | logger=migrator t=2026-02-02T10:46:44.171245849Z level=info msg="Migration successfully executed" id="add keep_firing_for column to alert_rule_version" duration=3.62632ms
grafana-1     | logger=migrator t=2026-02-02T10:46:44.18094115Z level=info msg="Executing migration" id="add missing_series_evals_to_resolve column to alert_rule"
grafana-1     | logger=migrator t=2026-02-02T10:46:44.18595627Z level=info msg="Migration successfully executed" id="add missing_series_evals_to_resolve column to alert_rule" duration=5.013759ms
grafana-1     | logger=migrator t=2026-02-02T10:46:44.194573472Z level=info msg="Executing migration" id="add missing_series_evals_to_resolve column to alert_rule_version"
grafana-1     | logger=migrator t=2026-02-02T10:46:44.198978089Z level=info msg="Migration successfully executed" id="add missing_series_evals_to_resolve column to alert_rule_version" duration=4.403948ms
grafana-1     | logger=migrator t=2026-02-02T10:46:44.20644509Z level=info msg="Executing migration" id="remove the datasources:drilldown action"
grafana-1     | logger=migrator t=2026-02-02T10:46:44.206795878Z level=info msg="Removed 0 datasources:drilldown permissions"
grafana-1     | logger=migrator t=2026-02-02T10:46:44.206822927Z level=info msg="Migration successfully executed" id="remove the datasources:drilldown action" duration=382.537µs
grafana-1     | logger=migrator t=2026-02-02T10:46:44.213831238Z level=info msg="Executing migration" id="remove title in folder unique index"
grafana-1     | logger=migrator t=2026-02-02T10:46:44.214591074Z level=info msg="Migration successfully executed" id="remove title in folder unique index" duration=759.097µs
grafana-1     | logger=migrator t=2026-02-02T10:46:44.220413734Z level=info msg="Executing migration" id="add fired_at column to alert_instance table"
grafana-1     | logger=migrator t=2026-02-02T10:46:44.223908051Z level=info msg="Migration successfully executed" id="add fired_at column to alert_instance table" duration=3.486864ms
grafana-1     | logger=migrator t=2026-02-02T10:46:44.229300577Z level=info msg="Executing migration" id="add 'alert.notifications.receivers.protected:write' to receiver admins"
grafana-1     | logger=migrator t=2026-02-02T10:46:44.229578775Z level=info msg="Migration successfully executed" id="add 'alert.notifications.receivers.protected:write' to receiver admins" duration=280.812µs
grafana-1     | logger=migrator t=2026-02-02T10:46:44.235000546Z level=info msg="migrations completed" performed=694 skipped=0 duration=5.700372287s
grafana-1     | logger=migrator t=2026-02-02T10:46:44.235306984Z level=info msg="Unlocking database"
grafana-1     | logger=sqlstore t=2026-02-02T10:46:44.241802097Z level=info msg="Created default admin" user=admin
grafana-1     | logger=sqlstore t=2026-02-02T10:46:44.241988102Z level=info msg="Created default organization"
grafana-1     | logger=secrets t=2026-02-02T10:46:44.248330231Z level=info msg="Envelope encryption state" enabled=true currentprovider=secretKey.v1
grafana-1     | logger=plugin.angulardetectorsprovider.dynamic t=2026-02-02T10:46:44.292029043Z level=info msg="Restored cache from database" duration=285.718µs
grafana-1     | logger=accesscontrol.service t=2026-02-02T10:46:44.292614086Z level=info msg="Starting migration to remove deprecated permissions" migration=removeDeprecatedPermissions
grafana-1     | logger=accesscontrol.service t=2026-02-02T10:46:44.292829656Z level=info msg="Completed migration to remove deprecated permissions" migration=removeDeprecatedPermissions totalRemoved=0 duration=215.765µs
grafana-1     | logger=secret-migrator t=2026-02-02T10:46:44.293368929Z level=info msg="Locking database"
grafana-1     | logger=secret-migrator t=2026-02-02T10:46:44.293386789Z level=info msg="Starting DB migrations"
grafana-1     | logger=secret-migrator t=2026-02-02T10:46:44.294015853Z level=info msg="Executing migration" id="create secret_migration_log table"
grafana-1     | logger=secret-migrator t=2026-02-02T10:46:44.294434493Z level=info msg="Migration successfully executed" id="create secret_migration_log table" duration=418.513µs
grafana-1     | logger=secret-migrator t=2026-02-02T10:46:44.306398115Z level=info msg="Executing migration" id="Initialize secrets tables"
grafana-1     | logger=secret-migrator t=2026-02-02T10:46:44.306425325Z level=info msg="Migration successfully executed" id="Initialize secrets tables" duration=26.772µs
grafana-1     | logger=secret-migrator t=2026-02-02T10:46:44.312489385Z level=info msg="Executing migration" id="drop table secret_secure_value"
grafana-1     | logger=secret-migrator t=2026-02-02T10:46:44.312578067Z level=info msg="Migration successfully executed" id="drop table secret_secure_value" duration=89.565µs
grafana-1     | logger=secret-migrator t=2026-02-02T10:46:44.318821398Z level=info msg="Executing migration" id="create table secret_secure_value"
grafana-1     | logger=secret-migrator t=2026-02-02T10:46:44.319971005Z level=info msg="Migration successfully executed" id="create table secret_secure_value" duration=1.148576ms
grafana-1     | logger=secret-migrator t=2026-02-02T10:46:44.326935934Z level=info msg="Executing migration" id="create table secret_secure_value, index: 0"
grafana-1     | logger=secret-migrator t=2026-02-02T10:46:44.328566168Z level=info msg="Migration successfully executed" id="create table secret_secure_value, index: 0" duration=1.628129ms
grafana-1     | logger=secret-migrator t=2026-02-02T10:46:44.336287671Z level=info msg="Executing migration" id="create table secret_secure_value, index: 1"
grafana-1     | logger=secret-migrator t=2026-02-02T10:46:44.337987969Z level=info msg="Migration successfully executed" id="create table secret_secure_value, index: 1" duration=1.696751ms
grafana-1     | logger=secret-migrator t=2026-02-02T10:46:44.34633893Z level=info msg="Executing migration" id="drop table secret_keeper"
grafana-1     | logger=secret-migrator t=2026-02-02T10:46:44.346492823Z level=info msg="Migration successfully executed" id="drop table secret_keeper" duration=160.982µs
grafana-1     | logger=secret-migrator t=2026-02-02T10:46:44.354640802Z level=info msg="Executing migration" id="create table secret_keeper"
grafana-1     | logger=secret-migrator t=2026-02-02T10:46:44.35636939Z level=info msg="Migration successfully executed" id="create table secret_keeper" duration=1.727425ms
grafana-1     | logger=secret-migrator t=2026-02-02T10:46:44.364933858Z level=info msg="Executing migration" id="create table secret_keeper, index: 0"
grafana-1     | logger=secret-migrator t=2026-02-02T10:46:44.366756179Z level=info msg="Migration successfully executed" id="create table secret_keeper, index: 0" duration=1.822614ms
grafana-1     | logger=secret-migrator t=2026-02-02T10:46:44.375121632Z level=info msg="Executing migration" id="drop table secret_data_key"
grafana-1     | logger=secret-migrator t=2026-02-02T10:46:44.375458378Z level=info msg="Migration successfully executed" id="drop table secret_data_key" duration=341.298µs
grafana-1     | logger=secret-migrator t=2026-02-02T10:46:44.384363565Z level=info msg="Executing migration" id="create table secret_data_key"
grafana-1     | logger=secret-migrator t=2026-02-02T10:46:44.385976997Z level=info msg="Migration successfully executed" id="create table secret_data_key" duration=1.612737ms
grafana-1     | logger=secret-migrator t=2026-02-02T10:46:44.395452764Z level=info msg="Executing migration" id="drop table secret_encrypted_value"
grafana-1     | logger=secret-migrator t=2026-02-02T10:46:44.395651848Z level=info msg="Migration successfully executed" id="drop table secret_encrypted_value" duration=202.2µs
grafana-1     | logger=secret-migrator t=2026-02-02T10:46:44.402875024Z level=info msg="Executing migration" id="create table secret_encrypted_value"
grafana-1     | logger=secret-migrator t=2026-02-02T10:46:44.403603819Z level=info msg="Migration successfully executed" id="create table secret_encrypted_value" duration=723.67µs
grafana-1     | logger=secret-migrator t=2026-02-02T10:46:44.410507686Z level=info msg="Executing migration" id="create table secret_encrypted_value, index: 0"
grafana-1     | logger=secret-migrator t=2026-02-02T10:46:44.411877417Z level=info msg="Migration successfully executed" id="create table secret_encrypted_value, index: 0" duration=1.369482ms
grafana-1     | logger=secret-migrator t=2026-02-02T10:46:44.419448861Z level=info msg="Executing migration" id="create index for list on secret_secure_value"
grafana-1     | logger=secret-migrator t=2026-02-02T10:46:44.420921763Z level=info msg="Migration successfully executed" id="create index for list on secret_secure_value" duration=1.472953ms
grafana-1     | logger=secret-migrator t=2026-02-02T10:46:44.428439824Z level=info msg="Executing migration" id="create index for list and read current on secret_data_key"
grafana-1     | logger=secret-migrator t=2026-02-02T10:46:44.430251849Z level=info msg="Migration successfully executed" id="create index for list and read current on secret_data_key" duration=1.811596ms
grafana-1     | logger=secret-migrator t=2026-02-02T10:46:44.438927774Z level=info msg="Executing migration" id="add owner_reference_api_group column to secret_secure_value"
grafana-1     | logger=secret-migrator t=2026-02-02T10:46:44.448447046Z level=info msg="Migration successfully executed" id="add owner_reference_api_group column to secret_secure_value" duration=9.489666ms
grafana-1     | logger=secret-migrator t=2026-02-02T10:46:44.455862524Z level=info msg="Executing migration" id="add owner_reference_api_version column to secret_secure_value"
grafana-1     | logger=secret-migrator t=2026-02-02T10:46:44.464193663Z level=info msg="Migration successfully executed" id="add owner_reference_api_version column to secret_secure_value" duration=8.330665ms
grafana-1     | logger=secret-migrator t=2026-02-02T10:46:44.472789604Z level=info msg="Executing migration" id="add owner_reference_kind column to secret_secure_value"
grafana-1     | logger=secret-migrator t=2026-02-02T10:46:44.482282339Z level=info msg="Migration successfully executed" id="add owner_reference_kind column to secret_secure_value" duration=9.493147ms
grafana-1     | logger=secret-migrator t=2026-02-02T10:46:44.492461659Z level=info msg="Executing migration" id="add owner_reference_name column to secret_secure_value"
grafana-1     | logger=secret-migrator t=2026-02-02T10:46:44.500884287Z level=info msg="Migration successfully executed" id="add owner_reference_name column to secret_secure_value" duration=8.422077ms
grafana-1     | logger=secret-migrator t=2026-02-02T10:46:44.50825421Z level=info msg="Executing migration" id="add lease_token column to secret_secure_value"
grafana-1     | logger=secret-migrator t=2026-02-02T10:46:44.514302472Z level=info msg="Migration successfully executed" id="add lease_token column to secret_secure_value" duration=6.048678ms
grafana-1     | logger=secret-migrator t=2026-02-02T10:46:44.52045155Z level=info msg="Executing migration" id="add lease_token index to secret_secure_value"
grafana-1     | logger=secret-migrator t=2026-02-02T10:46:44.521127965Z level=info msg="Migration successfully executed" id="add lease_token index to secret_secure_value" duration=677.469µs
grafana-1     | logger=secret-migrator t=2026-02-02T10:46:44.527560362Z level=info msg="Executing migration" id="add lease_created column to secret_secure_value"
grafana-1     | logger=secret-migrator t=2026-02-02T10:46:44.532406212Z level=info msg="Migration successfully executed" id="add lease_created column to secret_secure_value" duration=4.844047ms
grafana-1     | logger=secret-migrator t=2026-02-02T10:46:44.539312199Z level=info msg="Executing migration" id="add lease_created index to secret_secure_value"
grafana-1     | logger=secret-migrator t=2026-02-02T10:46:44.540051944Z level=info msg="Migration successfully executed" id="add lease_created index to secret_secure_value" duration=738.087µs
grafana-1     | logger=secret-migrator t=2026-02-02T10:46:44.546628924Z level=info msg="Executing migration" id="add data_key_id column to secret_encrypted_value"
grafana-1     | logger=secret-migrator t=2026-02-02T10:46:44.550970315Z level=info msg="Migration successfully executed" id="add data_key_id column to secret_encrypted_value" duration=4.340203ms
grafana-1     | logger=secret-migrator t=2026-02-02T10:46:44.556981321Z level=info msg="Executing migration" id="add data_key_id index to secret_encrypted_value"
grafana-1     | logger=secret-migrator t=2026-02-02T10:46:44.557747717Z level=info msg="Migration successfully executed" id="add data_key_id index to secret_encrypted_value" duration=767.617µs
grafana-1     | logger=secret-migrator t=2026-02-02T10:46:44.563649552Z level=info msg="Executing migration" id="drop my_row_id and add primary key with columns namespace,name,version to table secret_encrypted_value if my_row_id exists (auto-generated mysql column)"
grafana-1     | logger=secret-migrator t=2026-02-02T10:46:44.56387076Z level=warn msg="Skipping migration: Already executed, but not recorded in migration log" id="drop my_row_id and add primary key with columns namespace,name,version to table secret_encrypted_value if my_row_id exists (auto-generated mysql column)"
grafana-1     | logger=secret-migrator t=2026-02-02T10:46:44.56999846Z level=info msg="Executing migration" id="drop unique index UQE_secret_encrypted_value_namespace_name_version from secret_encrypted_value table if it exists (mysql)"
grafana-1     | logger=secret-migrator t=2026-02-02T10:46:44.570323687Z level=info msg="Migration successfully executed" id="drop unique index UQE_secret_encrypted_value_namespace_name_version from secret_encrypted_value table if it exists (mysql)" duration=330.277µs
grafana-1     | logger=secret-migrator t=2026-02-02T10:46:44.576759454Z level=info msg="Executing migration" id="add primary key with columns namespace,name,version to table secret_encrypted_value if it doesn't exist (mysql)"
grafana-1     | logger=secret-migrator t=2026-02-02T10:46:44.576787121Z level=info msg="Migration successfully executed" id="add primary key with columns namespace,name,version to table secret_encrypted_value if it doesn't exist (mysql)" duration=29.96µs
grafana-1     | logger=secret-migrator t=2026-02-02T10:46:44.582809442Z level=info msg="Executing migration" id="add primary key with columns namespace,name,version to table secret_encrypted_value (postgres and sqlite)"
grafana-1     | logger=secret-migrator t=2026-02-02T10:46:44.594264697Z level=info msg="Migration successfully executed" id="add primary key with columns namespace,name,version to table secret_encrypted_value (postgres and sqlite)" duration=11.453106ms
grafana-1     | logger=secret-migrator t=2026-02-02T10:46:44.599888867Z level=info msg="migrations completed" performed=30 skipped=0 duration=305.911161ms
grafana-1     | logger=secret-migrator t=2026-02-02T10:46:44.600261603Z level=info msg="Unlocking database"
grafana-1     | logger=resource-db t=2026-02-02T10:46:44.60507245Z level=info msg="Using database section" db_type=sqlite3
grafana-1     | logger=resource-db t=2026-02-02T10:46:44.605161157Z level=info msg="Initializing Resource DB" db_type=sqlite3 open_conn=0 in_use_conn=0 idle_conn=0 max_open_conn=0
grafana-1     | logger=resource-migrator t=2026-02-02T10:46:44.609465557Z level=info msg="Locking database"
grafana-1     | logger=resource-migrator t=2026-02-02T10:46:44.609502038Z level=info msg="Starting DB migrations"
grafana-1     | logger=resource-migrator t=2026-02-02T10:46:44.613961027Z level=info msg="Executing migration" id="create resource_migration_log table"
grafana-1     | logger=resource-migrator t=2026-02-02T10:46:44.614482164Z level=info msg="Migration successfully executed" id="create resource_migration_log table" duration=522.049µs
grafana-1     | logger=resource-migrator t=2026-02-02T10:46:44.621969587Z level=info msg="Executing migration" id="Initialize resource tables"
grafana-1     | logger=resource-migrator t=2026-02-02T10:46:44.622026215Z level=info msg="Migration successfully executed" id="Initialize resource tables" duration=59.848µs
grafana-1     | logger=resource-migrator t=2026-02-02T10:46:44.628018698Z level=info msg="Executing migration" id="drop table resource"
grafana-1     | logger=resource-migrator t=2026-02-02T10:46:44.628143844Z level=info msg="Migration successfully executed" id="drop table resource" duration=125.435µs
grafana-1     | logger=resource-migrator t=2026-02-02T10:46:44.634279706Z level=info msg="Executing migration" id="create table resource"
grafana-1     | logger=resource-migrator t=2026-02-02T10:46:44.63507752Z level=info msg="Migration successfully executed" id="create table resource" duration=797.222µs
grafana-1     | logger=resource-migrator t=2026-02-02T10:46:44.642225465Z level=info msg="Executing migration" id="create table resource, index: 0"
grafana-1     | logger=resource-migrator t=2026-02-02T10:46:44.643095235Z level=info msg="Migration successfully executed" id="create table resource, index: 0" duration=867.469µs
grafana-1     | logger=resource-migrator t=2026-02-02T10:46:44.64895122Z level=info msg="Executing migration" id="drop table resource_history"
grafana-1     | logger=resource-migrator t=2026-02-02T10:46:44.6490587Z level=info msg="Migration successfully executed" id="drop table resource_history" duration=109.75µs
grafana-1     | logger=resource-migrator t=2026-02-02T10:46:44.654906153Z level=info msg="Executing migration" id="create table resource_history"
grafana-1     | logger=resource-migrator t=2026-02-02T10:46:44.656017936Z level=info msg="Migration successfully executed" id="create table resource_history" duration=1.111575ms
grafana-1     | logger=resource-migrator t=2026-02-02T10:46:44.661773843Z level=info msg="Executing migration" id="create table resource_history, index: 0"
grafana-1     | logger=resource-migrator t=2026-02-02T10:46:44.662634068Z level=info msg="Migration successfully executed" id="create table resource_history, index: 0" duration=856.48µs
grafana-1     | logger=resource-migrator t=2026-02-02T10:46:44.668153307Z level=info msg="Executing migration" id="create table resource_history, index: 1"
grafana-1     | logger=resource-migrator t=2026-02-02T10:46:44.669110805Z level=info msg="Migration successfully executed" id="create table resource_history, index: 1" duration=957.133µs
grafana-1     | logger=resource-migrator t=2026-02-02T10:46:44.674943505Z level=info msg="Executing migration" id="drop table resource_version"
grafana-1     | logger=resource-migrator t=2026-02-02T10:46:44.675055575Z level=info msg="Migration successfully executed" id="drop table resource_version" duration=112.412µs
grafana-1     | logger=resource-migrator t=2026-02-02T10:46:44.680569374Z level=info msg="Executing migration" id="create table resource_version"
grafana-1     | logger=resource-migrator t=2026-02-02T10:46:44.681144468Z level=info msg="Migration successfully executed" id="create table resource_version" duration=574.588µs
grafana-1     | logger=resource-migrator t=2026-02-02T10:46:44.686628165Z level=info msg="Executing migration" id="create table resource_version, index: 0"
grafana-1     | logger=resource-migrator t=2026-02-02T10:46:44.687386971Z level=info msg="Migration successfully executed" id="create table resource_version, index: 0" duration=758.786µs
grafana-1     | logger=resource-migrator t=2026-02-02T10:46:44.693243933Z level=info msg="Executing migration" id="drop table resource_blob"
grafana-1     | logger=resource-migrator t=2026-02-02T10:46:44.69334197Z level=info msg="Migration successfully executed" id="drop table resource_blob" duration=97.611µs
grafana-1     | logger=resource-migrator t=2026-02-02T10:46:44.699106281Z level=info msg="Executing migration" id="create table resource_blob"
grafana-1     | logger=resource-migrator t=2026-02-02T10:46:44.699955976Z level=info msg="Migration successfully executed" id="create table resource_blob" duration=848.991µs
grafana-1     | logger=resource-migrator t=2026-02-02T10:46:44.705420626Z level=info msg="Executing migration" id="create table resource_blob, index: 0"
grafana-1     | logger=resource-migrator t=2026-02-02T10:46:44.706285966Z level=info msg="Migration successfully executed" id="create table resource_blob, index: 0" duration=861.766µs
grafana-1     | logger=resource-migrator t=2026-02-02T10:46:44.71198367Z level=info msg="Executing migration" id="create table resource_blob, index: 1"
grafana-1     | logger=resource-migrator t=2026-02-02T10:46:44.712828517Z level=info msg="Migration successfully executed" id="create table resource_blob, index: 1" duration=847.795µs
grafana-1     | logger=resource-migrator t=2026-02-02T10:46:44.718619412Z level=info msg="Executing migration" id="drop table resource_last_import_time"
grafana-1     | logger=resource-migrator t=2026-02-02T10:46:44.719496654Z level=info msg="Migration successfully executed" id="drop table resource_last_import_time" duration=874.929µs
grafana-1     | logger=resource-migrator t=2026-02-02T10:46:44.725912238Z level=info msg="Executing migration" id="create table resource_last_import_time"
grafana-1     | logger=resource-migrator t=2026-02-02T10:46:44.726617962Z level=info msg="Migration successfully executed" id="create table resource_last_import_time" duration=704.718µs
grafana-1     | logger=resource-migrator t=2026-02-02T10:46:44.732101737Z level=info msg="Executing migration" id="Add column previous_resource_version in resource_history"
grafana-1     | logger=resource-migrator t=2026-02-02T10:46:44.736428232Z level=info msg="Migration successfully executed" id="Add column previous_resource_version in resource_history" duration=4.323519ms
grafana-1     | logger=resource-migrator t=2026-02-02T10:46:44.747098302Z level=info msg="Executing migration" id="Add column previous_resource_version in resource"
grafana-1     | logger=resource-migrator t=2026-02-02T10:46:44.751039159Z level=info msg="Migration successfully executed" id="Add column previous_resource_version in resource" duration=3.940984ms
grafana-1     | logger=resource-migrator t=2026-02-02T10:46:44.756521789Z level=info msg="Executing migration" id="Add index to resource_history for polling"
grafana-1     | logger=resource-migrator t=2026-02-02T10:46:44.757285329Z level=info msg="Migration successfully executed" id="Add index to resource_history for polling" duration=763.038µs
grafana-1     | logger=resource-migrator t=2026-02-02T10:46:44.762876466Z level=info msg="Executing migration" id="Add index to resource for loading"
grafana-1     | logger=resource-migrator t=2026-02-02T10:46:44.763613306Z level=info msg="Migration successfully executed" id="Add index to resource for loading" duration=736.377µs
grafana-1     | logger=resource-migrator t=2026-02-02T10:46:44.77004227Z level=info msg="Executing migration" id="Add column folder in resource_history"
grafana-1     | logger=resource-migrator t=2026-02-02T10:46:44.773902007Z level=info msg="Migration successfully executed" id="Add column folder in resource_history" duration=3.85931ms
grafana-1     | logger=resource-migrator t=2026-02-02T10:46:44.77945294Z level=info msg="Executing migration" id="Add column folder in resource"
grafana-1     | logger=resource-migrator t=2026-02-02T10:46:44.783143281Z level=info msg="Migration successfully executed" id="Add column folder in resource" duration=3.690836ms
grafana-1     | logger=resource-migrator t=2026-02-02T10:46:44.788714024Z level=info msg="Executing migration" id="Migrate DeletionMarkers to real Resource objects"
grafana-1     | logger=deletion-marker-migrator t=2026-02-02T10:46:44.788741855Z level=info msg="finding any deletion markers"
grafana-1     | logger=resource-migrator t=2026-02-02T10:46:44.789047138Z level=info msg="Migration successfully executed" id="Migrate DeletionMarkers to real Resource objects" duration=333.413µs
grafana-1     | logger=resource-migrator t=2026-02-02T10:46:44.794587603Z level=info msg="Executing migration" id="Add index to resource_history for get trash"
grafana-1     | logger=resource-migrator t=2026-02-02T10:46:44.795412904Z level=info msg="Migration successfully executed" id="Add index to resource_history for get trash" duration=824.742µs
grafana-1     | logger=resource-migrator t=2026-02-02T10:46:44.800789955Z level=info msg="Executing migration" id="Add generation to resource history"
grafana-1     | logger=resource-migrator t=2026-02-02T10:46:44.806123158Z level=info msg="Migration successfully executed" id="Add generation to resource history" duration=5.332923ms
grafana-1     | logger=resource-migrator t=2026-02-02T10:46:44.812302435Z level=info msg="Executing migration" id="Add generation index to resource history"
grafana-1     | logger=resource-migrator t=2026-02-02T10:46:44.813371257Z level=info msg="Migration successfully executed" id="Add generation index to resource history" duration=1.068554ms
grafana-1     | logger=resource-migrator t=2026-02-02T10:46:44.818991337Z level=info msg="Executing migration" id="Add UQE_resource_last_import_time_last_import_time index"
grafana-1     | logger=resource-migrator t=2026-02-02T10:46:44.819782234Z level=info msg="Migration successfully executed" id="Add UQE_resource_last_import_time_last_import_time index" duration=791.136µs
grafana-1     | logger=resource-migrator t=2026-02-02T10:46:44.825296161Z level=info msg="Executing migration" id="drop my_row_id and add primary key with columns group,resource to table resource_version if my_row_id exists (auto-generated mysql column)"
grafana-1     | logger=resource-migrator t=2026-02-02T10:46:44.825509195Z level=warn msg="Skipping migration: Already executed, but not recorded in migration log" id="drop my_row_id and add primary key with columns group,resource to table resource_version if my_row_id exists (auto-generated mysql column)"
grafana-1     | logger=resource-migrator t=2026-02-02T10:46:44.831438628Z level=info msg="Executing migration" id="drop unique index UQE_resource_version_group_resource from resource_version table if it exists (mysql)"
grafana-1     | logger=resource-migrator t=2026-02-02T10:46:44.831939643Z level=info msg="Migration successfully executed" id="drop unique index UQE_resource_version_group_resource from resource_version table if it exists (mysql)" duration=503.345µs
grafana-1     | logger=resource-migrator t=2026-02-02T10:46:44.839313836Z level=info msg="Executing migration" id="add primary key with columns group,resource to table resource_version if it doesn't exist (mysql)"
grafana-1     | logger=resource-migrator t=2026-02-02T10:46:44.839348013Z level=info msg="Migration successfully executed" id="add primary key with columns group,resource to table resource_version if it doesn't exist (mysql)" duration=37.099µs
grafana-1     | logger=resource-migrator t=2026-02-02T10:46:44.845500832Z level=info msg="Executing migration" id="add primary key with columns group,resource to table resource_version (postgres and sqlite)"
grafana-1     | logger=resource-migrator t=2026-02-02T10:46:44.857352067Z level=info msg="Migration successfully executed" id="add primary key with columns group,resource to table resource_version (postgres and sqlite)" duration=11.849093ms
grafana-1     | logger=resource-migrator t=2026-02-02T10:46:44.863697667Z level=info msg="migrations completed" performed=33 skipped=0 duration=249.792912ms
grafana-1     | logger=resource-migrator t=2026-02-02T10:46:44.864097625Z level=info msg="Unlocking database"
grafana-1     | t=2026-02-02T10:46:44.86426985Z level=info caller=logger.go:214 time=2026-02-02T10:46:44.864259839Z msg="Using channel notifier" logger=sql-resource-server
grafana-1     | logger=plugin.store t=2026-02-02T10:46:44.868447683Z level=info msg="Loading plugins..."
grafana-1     | logger=plugin.store t=2026-02-02T10:46:44.888360196Z level=info msg="Plugins loaded" count=53 duration=19.912601ms
grafana-1     | logger=annotations t=2026-02-02T10:46:44.889399846Z level=info msg="Starting annotation dashboard_uid migration in background"
grafana-1     | logger=annotations t=2026-02-02T10:46:44.889423493Z level=info msg="Starting batched dashboard_uid migration for annotations (newest first)" batchSize=5000
grafana-1     | logger=annotations t=2026-02-02T10:46:44.890006145Z level=info msg="Completed dashboard_uid migration for annotations" totalUpdated=0
grafana-1     | logger=annotations t=2026-02-02T10:46:44.890032759Z level=info msg="Annotation dashboard_uid migration completed successfully"
grafana-1     | logger=query_data t=2026-02-02T10:46:44.891272687Z level=info msg="Query Service initialization"
grafana-1     | logger=live.push_http t=2026-02-02T10:46:44.893067923Z level=info msg="Live Push Gateway initialization"
grafana-1     | logger=ngalert.notifier component=alertmanager orgID=1 t=2026-02-02T10:46:44.898627124Z level=info msg="Applying new configuration to Alertmanager" configHash=d2c56faca6af2a5772ff4253222f7386
grafana-1     | logger=ngalert.writer t=2026-02-02T10:46:44.91829223Z level=info msg="Setting up remote write using data sources" timeout=30s default_datasource_uid=
grafana-1     | logger=ngalert t=2026-02-02T10:46:44.918372643Z level=info msg="Using protobuf-based alert instance store"
grafana-1     | logger=ngalert.state.manager.persist t=2026-02-02T10:46:44.91838173Z level=info msg="Using rule state persister"
grafana-1     | logger=infra.usagestats.collector t=2026-02-02T10:46:44.920602792Z level=info msg="registering usage stat providers" usageStatsProvidersLen=2
grafana-1     | logger=backgroundsvcs.managerAdapter t=2026-02-02T10:46:44.926460874Z level=info msg=starting module=tracing
grafana-1     | logger=backgroundsvcs.managerAdapter t=2026-02-02T10:46:44.926519932Z level=info msg=starting module=grafana-apiserver
grafana-1     | logger=grafana-apiserver t=2026-02-02T10:46:45.003543183Z level=info msg="Adding GroupVersion dashboard.grafana.app v1beta1 to ResourceManager"
grafana-1     | logger=grafana-apiserver t=2026-02-02T10:46:45.003899944Z level=info msg="Adding GroupVersion dashboard.grafana.app v0alpha1 to ResourceManager"
grafana-1     | logger=grafana-apiserver t=2026-02-02T10:46:45.004415191Z level=info msg="Adding GroupVersion dashboard.grafana.app v2beta1 to ResourceManager"
grafana-1     | logger=grafana-apiserver t=2026-02-02T10:46:45.004977595Z level=info msg="Adding GroupVersion dashboard.grafana.app v2alpha1 to ResourceManager"
grafana-1     | t=2026-02-02T10:46:45.005068977Z level=info caller=logger.go:214 time=2026-02-02T10:46:45.005063118Z msg="Zanzana is not enabled; skipping folder propagation hooks"
grafana-1     | logger=grafana-apiserver t=2026-02-02T10:46:45.005992898Z level=info msg="Adding GroupVersion folder.grafana.app v1beta1 to ResourceManager"
grafana-1     | logger=grafana-apiserver t=2026-02-02T10:46:45.008015879Z level=info msg="Adding GroupVersion iam.grafana.app v0alpha1 to ResourceManager"
grafana-1     | logger=grafana-apiserver t=2026-02-02T10:46:45.008705354Z level=info msg="Adding GroupVersion userstorage.grafana.app v0alpha1 to ResourceManager"
grafana-1     | logger=grafana-apiserver t=2026-02-02T10:46:45.008958255Z level=info msg="Adding GroupVersion features.grafana.app v0alpha1 to ResourceManager"
grafana-1     | t=2026-02-02T10:46:45.009070816Z level=warn caller=logger.go:224 time=2026-02-02T10:46:45.009068695Z msg="skipped registering status sub-resource that does not support dual writing" resource=playlists.playlist.grafana.app version=v0alpha1 storagePath=playlists/status
grafana-1     | logger=grafana-apiserver t=2026-02-02T10:46:45.009785338Z level=info msg="Adding GroupVersion playlist.grafana.app v0alpha1 to ResourceManager"
grafana-1     | t=2026-02-02T10:46:45.009851116Z level=info caller=logger.go:214 time=2026-02-02T10:46:45.009845906Z msg="Installed APIs for app" app=playlist
grafana-1     | logger=grafana-apiserver t=2026-02-02T10:46:45.010592371Z level=info msg="Adding GroupVersion plugins.grafana.app v0alpha1 to ResourceManager"
grafana-1     | t=2026-02-02T10:46:45.010649213Z level=info caller=logger.go:214 time=2026-02-02T10:46:45.010644906Z msg="Installed APIs for app" app=plugins
grafana-1     | logger=grafana-apiserver t=2026-02-02T10:46:45.010743616Z level=info msg="Skipping API example.grafana.app/v1alpha1 because it has no resources."
grafana-1     | logger=grafana-apiserver t=2026-02-02T10:46:45.010763348Z level=info msg="Skipping API example.grafana.app/v0alpha1 because it has no resources."
grafana-1     | t=2026-02-02T10:46:45.010791682Z level=info caller=logger.go:214 time=2026-02-02T10:46:45.010789421Z msg="Installed APIs for app" app=example
grafana-1     | logger=grafana-apiserver t=2026-02-02T10:46:45.012362408Z level=info msg="Adding GroupVersion notifications.alerting.grafana.app v0alpha1 to ResourceManager"
grafana-1     | t=2026-02-02T10:46:45.012432776Z level=info caller=logger.go:214 time=2026-02-02T10:46:45.012428743Z msg="Installed APIs for app" app=alerting-notifications
grafana-1     | t=2026-02-02T10:46:45.053794823Z level=info caller=logger.go:214 time=2026-02-02T10:46:45.05379247Z msg="App initialized" app=example
grafana-1     | t=2026-02-02T10:46:45.053839167Z level=info caller=logger.go:214 time=2026-02-02T10:46:45.053837009Z msg="App initialized" app=playlist
grafana-1     | t=2026-02-02T10:46:45.054003181Z level=info caller=logger.go:214 time=2026-02-02T10:46:45.054000552Z msg="App initialized" app=plugins
grafana-1     | t=2026-02-02T10:46:45.064257524Z level=info caller=logger.go:214 time=2026-02-02T10:46:45.064242646Z msg="App initialized" app=alerting-notifications
grafana-1     | logger=backgroundsvcs.managerAdapter t=2026-02-02T10:46:45.064378014Z level=info msg=starting module=plugins.store
grafana-1     | logger=backgroundsvcs.managerAdapter t=2026-02-02T10:46:45.064407482Z level=info msg=starting module=plugin.backgroundinstaller
grafana-1     | logger=plugin.backgroundinstaller t=2026-02-02T10:46:45.064427679Z level=info msg="Plugins installed" plugins=[]
grafana-1     | logger=plugin.backgroundinstaller t=2026-02-02T10:46:45.064461244Z level=info msg="Installing plugins" plugins="[{ID:grafana-lokiexplore-app Version: URL:} {ID:grafana-pyroscope-app Version: URL:} {ID:grafana-exploretraces-app Version: URL:} {ID:grafana-metricsdrilldown-app Version: URL:}]"
grafana-1     | logger=plugin.backgroundinstaller t=2026-02-02T10:46:45.064490777Z level=info msg="Installing plugin" pluginId=grafana-lokiexplore-app version=
grafana-1     | logger=backgroundsvcs.managerAdapter t=2026-02-02T10:46:45.064570919Z level=info msg=starting module=provisioning
grafana-1     | logger=provisioning.alerting t=2026-02-02T10:46:45.06538157Z level=info msg="starting to provision alerting"
grafana-1     | logger=provisioning.alerting t=2026-02-02T10:46:45.065424287Z level=info msg="finished to provision alerting"
grafana-1     | logger=provisioning.dashboard t=2026-02-02T10:46:45.065880235Z level=info msg="starting to provision dashboards"
grafana-1     | logger=provisioning.dashboard t=2026-02-02T10:46:45.065897669Z level=info msg="finished to provision dashboards"
grafana-1     | logger=backgroundsvcs.managerAdapter t=2026-02-02T10:46:45.065917037Z level=info msg=starting module=*angulardetectorsprovider.Dynamic
grafana-1     | logger=backgroundsvcs.managerAdapter t=2026-02-02T10:46:45.06603438Z level=info msg=starting module=*statscollector.Service
grafana-1     | logger=backgroundsvcs.managerAdapter t=2026-02-02T10:46:45.066062273Z level=info msg=starting module=*service.DashboardUpdater
grafana-1     | logger=backgroundsvcs.managerAdapter t=2026-02-02T10:46:45.066075534Z level=info msg=starting module=*cleanup.CleanUpService
grafana-1     | logger=backgroundsvcs.managerAdapter t=2026-02-02T10:46:45.066089195Z level=info msg=starting module=*metrics.InternalMetricsService
grafana-1     | logger=backgroundsvcs.managerAdapter t=2026-02-02T10:46:45.066126945Z level=info msg=starting module=*service.UsageStats
grafana-1     | logger=backgroundsvcs.managerAdapter t=2026-02-02T10:46:45.066163131Z level=info msg=starting module=*notifications.NotificationService
grafana-1     | logger=backgroundsvcs.managerAdapter t=2026-02-02T10:46:45.06617864Z level=info msg=starting module=*pluginexternal.Service
grafana-1     | logger=backgroundsvcs.managerAdapter t=2026-02-02T10:46:45.066200422Z level=info msg=starting module=*service.DashboardServiceImpl
grafana-1     | logger=backgroundsvcs.managerAdapter t=2026-02-02T10:46:45.066221181Z level=info msg=starting module=*updatemanager.GrafanaService
grafana-1     | logger=backgroundsvcs.managerAdapter t=2026-02-02T10:46:45.06622763Z level=info msg=starting module=*supportbundlesimpl.Service
grafana-1     | logger=backgroundsvcs.managerAdapter t=2026-02-02T10:46:45.066281246Z level=info msg=starting module=*rendering.RenderingService
grafana-1     | logger=backgroundsvcs.managerAdapter t=2026-02-02T10:46:45.066325443Z level=info msg=starting module=*live.GrafanaLive
grafana-1     | logger=backgroundsvcs.managerAdapter t=2026-02-02T10:46:45.066372198Z level=info msg=starting module=*authimpl.UserAuthTokenService
grafana-1     | logger=backgroundsvcs.managerAdapter t=2026-02-02T10:46:45.066396445Z level=info msg=starting module=*store.standardStorageService
grafana-1     | logger=grafanaStorageLogger t=2026-02-02T10:46:45.066404067Z level=info msg="Storage starting"
grafana-1     | logger=backgroundsvcs.managerAdapter t=2026-02-02T10:46:45.066391555Z level=info msg=starting module=*updatemanager.PluginsService
grafana-1     | logger=backgroundsvcs.managerAdapter t=2026-02-02T10:46:45.066407831Z level=info msg=starting module=*migrations.SecretMigrationProviderImpl
grafana-1     | logger=backgroundsvcs.managerAdapter t=2026-02-02T10:46:45.066493332Z level=info msg=starting module=*store.dummyEntityEventsService
grafana-1     | logger=backgroundsvcs.managerAdapter t=2026-02-02T10:46:45.066524109Z level=info msg=starting module=*anonimpl.AnonDeviceService
grafana-1     | logger=backgroundsvcs.managerAdapter t=2026-02-02T10:46:45.066532855Z level=info msg=starting module=*metric.Service
grafana-1     | logger=backgroundsvcs.managerAdapter t=2026-02-02T10:46:45.066563699Z level=info msg=starting module=*manager.ServiceAccountsService
grafana-1     | logger=backgroundsvcs.managerAdapter t=2026-02-02T10:46:45.06664143Z level=info msg=starting module=*ssosettingsimpl.Service
grafana-1     | logger=backgroundsvcs.managerAdapter t=2026-02-02T10:46:45.066377491Z level=info msg=starting module=*pushhttp.Gateway
grafana-1     | logger=backgroundsvcs.managerAdapter t=2026-02-02T10:46:45.066722483Z level=info msg=starting module=*appregistry.Service
grafana-1     | logger=app-registry t=2026-02-02T10:46:45.066759252Z level=info msg="app registry initialized"
grafana-1     | logger=backgroundsvcs.managerAdapter t=2026-02-02T10:46:45.066789126Z level=info msg=starting module=*remotecache.RemoteCache
grafana-1     | logger=backgroundsvcs.managerAdapter t=2026-02-02T10:46:45.066849533Z level=info msg=starting module=*ngalert.AlertNG
grafana-1     | logger=backgroundsvcs.managerAdapter t=2026-02-02T10:46:45.067242359Z level=info msg=starting module=*dualwrite.ZanzanaReconciler
grafana-1     | logger=backgroundsvcs.managerAdapter t=2026-02-02T10:46:45.066386101Z level=info msg=starting module=*dynamic.KeyRetriever
grafana-1     | logger=backgroundsvcs.managerAdapter t=2026-02-02T10:46:45.067275362Z level=info msg=starting module=*manager.SecretsService
grafana-1     | logger=backgroundsvcs.managerAdapter t=2026-02-02T10:46:45.067311022Z level=info msg=starting module=*loginattemptimpl.Service
grafana-1     | logger=backgroundsvcs.managerAdapter t=2026-02-02T10:46:45.067317225Z level=info msg=starting module=*api.HTTPServer
grafana-1     | logger=backgroundsvcs.managerAdapter t=2026-02-02T10:46:45.067309593Z level=info msg=starting module=*garbagecollectionworker.Worker
grafana-1     | logger=ngalert.state.manager t=2026-02-02T10:46:45.066873649Z level=info msg="Warming state cache for startup"
grafana-1     | logger=ngalert.multiorg.alertmanager t=2026-02-02T10:46:45.067274021Z level=info msg="Starting MultiOrg Alertmanager"
grafana-1     | logger=backgroundsvcs.managerAdapter t=2026-02-02T10:46:45.067619466Z level=info msg="All modules healthy"
grafana-1     | logger=http.server t=2026-02-02T10:46:45.071775071Z level=info msg="HTTP Server Listen" address=[::]:3000 protocol=http subUrl= socket=
grafana-1     | logger=ngalert.state.manager t=2026-02-02T10:46:45.133742817Z level=info msg="State cache has been initialized" states=0 duration=66.866813ms
grafana-1     | logger=ngalert.scheduler t=2026-02-02T10:46:45.13382385Z level=info msg="Starting scheduler" tickInterval=10s maxAttempts=3
grafana-1     | logger=ngalert.scheduler t=2026-02-02T10:46:45.133914475Z level=info msg=starting component=ticker first_tick=2026-02-02T10:46:50Z
grafana-1     | logger=grafana.update.checker t=2026-02-02T10:46:45.392352923Z level=info msg="Update check succeeded" duration=326.113219ms
grafana-1     | logger=plugins.update.checker t=2026-02-02T10:46:45.398674496Z level=info msg="Update check succeeded" duration=332.254098ms
grafana-1     | logger=plugin.angulardetectorsprovider.dynamic t=2026-02-02T10:46:45.440170753Z level=info msg="Patterns update finished" duration=374.074726ms
grafana-1     | logger=plugin.installer t=2026-02-02T10:46:50.45601611Z level=info msg="Installing plugin" pluginId=grafana-lokiexplore-app version=
grafana-1     | logger=installer.fs t=2026-02-02T10:46:50.563086048Z level=info msg="Downloaded and extracted grafana-lokiexplore-app v1.0.34 zip successfully to /var/lib/grafana/plugins/grafana-lokiexplore-app"
grafana-1     | logger=plugins.registration t=2026-02-02T10:46:50.587237485Z level=info msg="Plugin registered" pluginId=grafana-lokiexplore-app
grafana-1     | logger=plugin.backgroundinstaller t=2026-02-02T10:46:50.587269229Z level=info msg="Plugin successfully installed" pluginId=grafana-lokiexplore-app version= duration=5.522775397s
grafana-1     | logger=plugin.backgroundinstaller t=2026-02-02T10:46:50.587285435Z level=info msg="Installing plugin" pluginId=grafana-pyroscope-app version=
grafana-1     | logger=plugin.installer t=2026-02-02T10:46:51.482407302Z level=info msg="Installing plugin" pluginId=grafana-pyroscope-app version=
grafana-1     | logger=installer.fs t=2026-02-02T10:46:51.521878003Z level=info msg="Downloaded and extracted grafana-pyroscope-app v1.16.0 zip successfully to /var/lib/grafana/plugins/grafana-pyroscope-app"
grafana-1     | logger=plugins.registration t=2026-02-02T10:46:51.531981162Z level=info msg="Plugin registered" pluginId=grafana-pyroscope-app
grafana-1     | logger=plugin.backgroundinstaller t=2026-02-02T10:46:51.532004835Z level=info msg="Plugin successfully installed" pluginId=grafana-pyroscope-app version= duration=944.716094ms
grafana-1     | logger=plugin.backgroundinstaller t=2026-02-02T10:46:51.532019003Z level=info msg="Installing plugin" pluginId=grafana-exploretraces-app version=
grafana-1     | logger=plugin.installer t=2026-02-02T10:46:52.491914884Z level=info msg="Installing plugin" pluginId=grafana-exploretraces-app version=
grafana-1     | logger=installer.fs t=2026-02-02T10:46:52.543622693Z level=info msg="Downloaded and extracted grafana-exploretraces-app v1.3.0 zip successfully to /var/lib/grafana/plugins/grafana-exploretraces-app"
grafana-1     | logger=plugins.registration t=2026-02-02T10:46:52.555789786Z level=info msg="Plugin registered" pluginId=grafana-exploretraces-app
grafana-1     | logger=plugin.backgroundinstaller t=2026-02-02T10:46:52.555813922Z level=info msg="Plugin successfully installed" pluginId=grafana-exploretraces-app version= duration=1.023792475s
grafana-1     | logger=plugin.backgroundinstaller t=2026-02-02T10:46:52.555827247Z level=info msg="Installing plugin" pluginId=grafana-metricsdrilldown-app version=
grafana-1     | logger=plugin.installer t=2026-02-02T10:46:53.452648142Z level=info msg="Installing plugin" pluginId=grafana-metricsdrilldown-app version=
grafana-1     | logger=installer.fs t=2026-02-02T10:46:53.501869317Z level=info msg="Downloaded and extracted grafana-metricsdrilldown-app v1.0.29 zip successfully to /var/lib/grafana/plugins/grafana-metricsdrilldown-app"
grafana-1     | logger=plugins.registration t=2026-02-02T10:46:53.516279555Z level=info msg="Plugin registered" pluginId=grafana-metricsdrilldown-app
grafana-1     | logger=plugin.backgroundinstaller t=2026-02-02T10:46:53.516309248Z level=info msg="Plugin successfully installed" pluginId=grafana-metricsdrilldown-app version= duration=960.479371ms
worker-1      | API DB PATH: /app/jobs.db
worker-1      | Traceback (most recent call last):
worker-1      |   File "/usr/local/lib/python3.10/site-packages/sqlalchemy/engine/base.py", line 1967, in _exec_single_context
worker-1      |     self.dialect.do_execute(
worker-1      |   File "/usr/local/lib/python3.10/site-packages/sqlalchemy/engine/default.py", line 952, in do_execute
worker-1      |     cursor.execute(statement, parameters)
worker-1      | sqlite3.OperationalError: database is locked
worker-1      | 
worker-1      | The above exception was the direct cause of the following exception:
worker-1      | 
worker-1      | Traceback (most recent call last):
worker-1      |   File "/app/worker/worker.py", line 83, in <module>
worker-1      |     main()
worker-1      |   File "/app/worker/worker.py", line 54, in main
worker-1      |     job = fetch_job(db)
worker-1      |   File "/app/worker/worker.py", line 15, in fetch_job
worker-1      |     result = db.execute(
worker-1      |   File "/usr/local/lib/python3.10/site-packages/sqlalchemy/orm/session.py", line 2351, in execute
worker-1      |     return self._execute_internal(
worker-1      |   File "/usr/local/lib/python3.10/site-packages/sqlalchemy/orm/session.py", line 2258, in _execute_internal
worker-1      |     result = conn.execute(
worker-1      |   File "/usr/local/lib/python3.10/site-packages/sqlalchemy/engine/base.py", line 1419, in execute
worker-1      |     return meth(
worker-1      |   File "/usr/local/lib/python3.10/site-packages/sqlalchemy/sql/elements.py", line 527, in _execute_on_connection
worker-1      |     return connection._execute_clauseelement(
worker-1      |   File "/usr/local/lib/python3.10/site-packages/sqlalchemy/engine/base.py", line 1641, in _execute_clauseelement
worker-1      |     ret = self._execute_context(
worker-1      |   File "/usr/local/lib/python3.10/site-packages/sqlalchemy/engine/base.py", line 1846, in _execute_context
worker-1      |     return self._exec_single_context(
worker-1      |   File "/usr/local/lib/python3.10/site-packages/sqlalchemy/engine/base.py", line 1986, in _exec_single_context
worker-1      |     self._handle_dbapi_exception(
worker-1      |   File "/usr/local/lib/python3.10/site-packages/sqlalchemy/engine/base.py", line 2363, in _handle_dbapi_exception
worker-1      |     raise sqlalchemy_exception.with_traceback(exc_info[2]) from e
worker-1      |   File "/usr/local/lib/python3.10/site-packages/sqlalchemy/engine/base.py", line 1967, in _exec_single_context
worker-1      |     self.dialect.do_execute(
worker-1      |   File "/usr/local/lib/python3.10/site-packages/sqlalchemy/engine/default.py", line 952, in do_execute
worker-1      |     cursor.execute(statement, parameters)
worker-1      | sqlalchemy.exc.OperationalError: (sqlite3.OperationalError) database is locked
worker-1      | [SQL: 
worker-1      |         UPDATE jobs
worker-1      |         SET status = ?,
worker-1      |             lease_until = ?
worker-1      |         WHERE job_id = (
worker-1      |             SELECT job_id FROM jobs
worker-1      |             WHERE status = ?
worker-1      |             LIMIT 1
worker-1      |         )
worker-1      |         RETURNING job_id
worker-1      |         ]
worker-1      | [parameters: ('RUNNING', datetime.datetime(2026, 2, 2, 10, 47, 9, 237877), 'PENDING')]
worker-1      | (Background on this error at: https://sqlalche.me/e/20/e3q8)
[Kworker-1 exited with code 1
grafana-1     | logger=infra.usagestats t=2026-02-02T10:47:17.191040077Z level=info msg="Usage stats are ready to report"
api-1         | API DB PATH: /app/jobs.db
api-1         | INFO:     172.18.0.1:41796 - "GET /docs HTTP/1.1" 200 OK
api-1         | INFO:     172.18.0.1:41796 - "GET /openapi.json HTTP/1.1" 200 OK
api-1         | JOB_SUBMITTED job_id=0570c345-3977-42b9-925a-f4dc86c85e58
api-1         | INFO:     172.18.0.1:41798 - "POST /jobs?user_id=ec&payload=csd&idempotency_key=cesd HTTP/1.1" 200 OK
 Compose Stopping Gracefully Stopping... press Ctrl+C again to force
 Container job-queue-grafana-1 Stopping 
 Container job-queue-worker-1 Stopping 
 Container job-queue-worker-2 Stopping 
 Container job-queue-prometheus-1 Stopping 
 Container job-queue-worker-1 Stopped 
 Container job-queue-prometheus-1 Stopped 
 Container job-queue-grafana-1 Stopped 
 Container job-queue-worker-2 Stopped 
 Container job-queue-api-1 Stopping 
 Container job-queue-api-1 Stopped 

